{
  "type": "FeatureCollection",
  "generator": "overpass-turbo",
  "copyright": "The data included in this document is from www.openstreetmap.org. The data is made available under ODbL.",
  "timestamp": "2026-05-23T06:51:58Z",
  "features": [
    {
      "type": "Feature",
      "properties": {
        "@id": "relation/5488151",
        "name": "한강",
        "name:de": "Han-Fluss",
        "name:en": "Han River",
        "name:ja": "漢江",
        "name:ko": "한강",
        "name:ko-Hani": "漢江",
        "name:ko-Latn": "Hangang",
        "name:ru": "Ханган",
        "name:zh": "漢江",
        "name:zh-Hans": "汉江",
        "name:zh-Hant": "漢江",
        "type": "waterway",
        "waterway": "river",
        "wikidata": "Q55500"
      },
      "geometry": {
        "type": "LineString",
        "coordinates": [
          [
            127.3105144,
            37.5248733
          ],
          [
            127.3077249,
            37.5193933
          ],
          [
            127.3056221,
            37.5154448
          ],
          [
            127.3037123,
            37.5120067
          ],
          [
            127.3022532,
            37.5104408
          ],
          [
            127.2978974,
            37.5100322
          ],
          [
            127.2928118,
            37.509862
          ],
          [
            127.2904414,
            37.5106621
          ],
          [
            127.2872838,
            37.5152236
          ],
          [
            127.2856466,
            37.5196759
          ],
          [
            127.2846687,
            37.5222184
          ],
          [
            127.2839498,
            37.523682
          ],
          [
            127.2830164,
            37.5247967
          ],
          [
            127.2807205,
            37.526022
          ],
          [
            127.279551,
            37.5264474
          ],
          [
            127.278969,
            37.5266686
          ],
          [
            127.2771799,
            37.5273323
          ],
          [
            127.2717667,
            37.5295344
          ],
          [
            127.2646594,
            37.5325479
          ],
          [
            127.2594345,
            37.5356022
          ],
          [
            127.2505939,
            37.5404174
          ],
          [
            127.2446422,
            37.5425425
          ],
          [
            127.2431532,
            37.5432378
          ],
          [
            127.2404122,
            37.5445178
          ],
          [
            127.2367328,
            37.5465203
          ],
          [
            127.2352731,
            37.5475461
          ],
          [
            127.2342114,
            37.5488152
          ],
          [
            127.2328222,
            37.5506953
          ],
          [
            127.2285917,
            37.5570386
          ],
          [
            127.2254777,
            37.5630685
          ],
          [
            127.2235465,
            37.5657559
          ],
          [
            127.2221886,
            37.5671097
          ],
          [
            127.2213363,
            37.5677119
          ],
          [
            127.2192714,
            37.5693657
          ],
          [
            127.2168787,
            37.5712819
          ],
          [
            127.216827,
            37.5713233
          ],
          [
            127.2142838,
            37.5733601
          ],
          [
            127.2082734,
            37.5782593
          ],
          [
            127.2005439,
            37.584616
          ],
          [
            127.1985054,
            37.5859083
          ],
          [
            127.1947288,
            37.5868605
          ],
          [
            127.1911668,
            37.5870986
          ],
          [
            127.1838712,
            37.5864865
          ],
          [
            127.1782064,
            37.5847861
          ],
          [
            127.1629052,
            37.5785394
          ],
          [
            127.153602,
            37.5742719
          ],
          [
            127.1533773,
            37.5741688
          ],
          [
            127.1516021,
            37.5733544
          ],
          [
            127.1494573,
            37.5727808
          ],
          [
            127.1436329,
            37.57164
          ],
          [
            127.1354071,
            37.5696339
          ],
          [
            127.1327591,
            37.5687324
          ],
          [
            127.1303773,
            37.5677289
          ],
          [
            127.126419,
            37.5656603
          ],
          [
            127.1214294,
            37.5609254
          ],
          [
            127.1204209,
            37.5598538
          ],
          [
            127.1196055,
            37.558646
          ],
          [
            127.1163654,
            37.5504807
          ],
          [
            127.1130603,
            37.5438173
          ],
          [
            127.1124601,
            37.542842
          ],
          [
            127.111516,
            37.5418041
          ],
          [
            127.0975954,
            37.5281932
          ],
          [
            127.0955575,
            37.5268182
          ],
          [
            127.0907783,
            37.5244629
          ],
          [
            127.0902314,
            37.5241933
          ],
          [
            127.0893881,
            37.5238232
          ],
          [
            127.0796926,
            37.5231409
          ],
          [
            127.0674334,
            37.5243271
          ],
          [
            127.0660166,
            37.5248623
          ],
          [
            127.0539646,
            37.5312405
          ],
          [
            127.0299812,
            37.5379937
          ],
          [
            127.0276787,
            37.5382369
          ],
          [
            127.0251596,
            37.5380099
          ],
          [
            127.0229778,
            37.5374938
          ],
          [
            127.0215825,
            37.5366475
          ],
          [
            127.0202994,
            37.5356618
          ],
          [
            127.0120173,
            37.5267878
          ],
          [
            127.0046567,
            37.5206528
          ],
          [
            126.9990311,
            37.5170669
          ],
          [
            126.9906663,
            37.5128577
          ],
          [
            126.9872331,
            37.5119046
          ],
          [
            126.9818687,
            37.5112918
          ],
          [
            126.9777488,
            37.511428
          ],
          [
            126.9727706,
            37.5119386
          ],
          [
            126.967299,
            37.5132322
          ],
          [
            126.9606197,
            37.5156003
          ],
          [
            126.9548473,
            37.5176637
          ],
          [
            126.9534802,
            37.5183552
          ],
          [
            126.9504547,
            37.520491
          ],
          [
            126.9482185,
            37.5223411
          ],
          [
            126.9363614,
            37.533944
          ],
          [
            126.935091,
            37.5347089
          ],
          [
            126.9237613,
            37.5376696
          ],
          [
            126.9227958,
            37.5378227
          ],
          [
            126.9115841,
            37.5391839
          ],
          [
            126.9112301,
            37.5392775
          ],
          [
            126.9108482,
            37.5395079
          ],
          [
            126.9090633,
            37.540611
          ],
          [
            126.8918307,
            37.55126
          ],
          [
            126.8853331,
            37.5550623
          ],
          [
            126.8785265,
            37.5587787
          ],
          [
            126.8530937,
            37.5733698
          ],
          [
            126.8248714,
            37.5890935
          ],
          [
            126.8163071,
            37.5940328
          ],
          [
            126.810919,
            37.598792
          ],
          [
            126.8083409,
            37.6011195
          ],
          [
            126.8071291,
            37.602438
          ],
          [
            126.8035278,
            37.6054007
          ],
          [
            126.7948866,
            37.6123107
          ],
          [
            126.7887497,
            37.6155402
          ],
          [
            126.7868721,
            37.6163901
          ],
          [
            126.7854951,
            37.6170214
          ],
          [
            126.7823338,
            37.6183617
          ],
          [
            126.7771625,
            37.6202483
          ],
          [
            126.7699098,
            37.6231376
          ],
          [
            126.7645025,
            37.625177
          ],
          [
            126.7589235,
            37.6275223
          ],
          [
            126.7516279,
            37.6313289
          ],
          [
            126.7480316,
            37.6332869
          ],
          [
            126.7461347,
            37.6343197
          ],
          [
            126.7410278,
            37.6370385
          ],
          [
            126.733303,
            37.6408447
          ],
          [
            126.7260932,
            37.6443788
          ],
          [
            126.721673,
            37.6465705
          ],
          [
            126.7183685,
            37.6484904
          ],
          [
            126.7166519,
            37.6494928
          ],
          [
            126.7150426,
            37.6508179
          ],
          [
            126.713283,
            37.6523809
          ],
          [
            126.7112875,
            37.6540967
          ],
          [
            126.7095923,
            37.6554728
          ],
          [
            126.707983,
            37.6564581
          ],
          [
            126.7058158,
            37.657987
          ],
          [
            126.7041635,
            37.65921
          ],
          [
            126.7027902,
            37.6599405
          ],
          [
            126.6996574,
            37.6615203
          ],
          [
            126.6962671,
            37.6634057
          ],
          [
            126.6815042,
            37.6701829
          ],
          [
            126.6779381,
            37.6726799
          ],
          [
            126.6775989,
            37.6729174
          ],
          [
            126.6739297,
            37.6757707
          ],
          [
            126.6724705,
            37.6771463
          ],
          [
            126.6711831,
            37.678403
          ],
          [
            126.6700673,
            37.6796428
          ],
          [
            126.6678357,
            37.6829203
          ],
          [
            126.6667843,
            37.6852977
          ],
          [
            126.6664409,
            37.6871487
          ],
          [
            126.6662693,
            37.6888807
          ],
          [
            126.6663237,
            37.6897167
          ],
          [
            126.6663766,
            37.6905277
          ],
          [
            126.666913,
            37.6928879
          ],
          [
            126.6673422,
            37.6958253
          ],
          [
            126.66765,
            37.7005648
          ],
          [
            126.6677099,
            37.7014863
          ],
          [
            126.6684579,
            37.7042293
          ],
          [
            126.6700458,
            37.7093562
          ],
          [
            126.6718912,
            37.7137697
          ],
          [
            126.6734346,
            37.7172243
          ],
          [
            126.6757965,
            37.7221208
          ],
          [
            126.6777706,
            37.7255831
          ],
          [
            126.6787576,
            37.7294866
          ],
          [
            126.6786718,
            37.7324734
          ],
          [
            126.678586,
            37.7351208
          ],
          [
            126.6778993,
            37.7407545
          ],
          [
            126.676526,
            37.7478809
          ],
          [
            126.6748094,
            37.7564996
          ],
          [
            126.6742515,
            37.7580433
          ],
          [
            126.6738224,
            37.7591461
          ],
          [
            126.6727924,
            37.7608255
          ],
          [
            126.6693592,
            37.7651172
          ],
          [
            126.6686296,
            37.7662707
          ],
          [
            126.6650033,
            37.770613
          ],
          [
            126.6639733,
            37.7719699
          ],
          [
            126.6615915,
            37.7743784
          ],
          [
            126.6521667,
            37.7809602
          ],
          [
            126.6474714,
            37.7828601
          ],
          [
            126.6376009,
            37.7837657
          ],
          [
            126.6252412,
            37.7821376
          ],
          [
            126.616126,
            37.7775145
          ],
          [
            126.6134242,
            37.7741278
          ],
          [
            126.6086234,
            37.7681097
          ],
          [
            126.6051152,
            37.7661876
          ],
          [
            126.6047489,
            37.7659869
          ],
          [
            126.6034847,
            37.7652942
          ],
          [
            126.5912737,
            37.7631222
          ],
          [
            126.5816575,
            37.7619558
          ],
          [
            126.5796866,
            37.7619774
          ],
          [
            126.5779942,
            37.761996
          ],
          [
            126.575145,
            37.7625993
          ],
          [
            126.5709729,
            37.7650931
          ],
          [
            126.566554,
            37.7689788
          ],
          [
            126.5664447,
            37.7690749
          ],
          [
            126.5632157,
            37.7716766
          ],
          [
            126.5497334,
            37.7813108
          ],
          [
            126.5290106,
            37.7901819
          ],
          [
            126.5199827,
            37.7920214
          ],
          [
            126.501748,
            37.7990608
          ],
          [
            126.4965087,
            37.8013197
          ],
          [
            126.4942272,
            37.8023033
          ],
          [
            126.4855775,
            37.8060324
          ],
          [
            126.4684887,
            37.8118981
          ],
          [
            126.4592687,
            37.8181961
          ],
          [
            126.4567556,
            37.8199126
          ],
          [
            126.4532022,
            37.827967
          ],
          [
            126.442173,
            37.8370237
          ],
          [
            126.425127,
            37.8413279
          ],
          [
            126.4135758,
            37.8447035
          ]
        ]
      },
      "id": "relation/5488151"
    },
    {
      "type": "Feature",
      "properties": {
        "@id": "relation/12570381",
        "name": "양재천",
        "name:ar": "نهر يانغ جي تشون",
        "name:en": "Yangjaecheon Stream",
        "name:ja": "良才川",
        "name:ko": "양재천",
        "type": "waterway",
        "waterway": "river",
        "wikidata": "Q623786"
      },
      "geometry": {
        "type": "MultiLineString",
        "coordinates": [
          [
            [
              126.996603,
              37.4453746
            ],
            [
              126.9980442,
              37.446638
            ],
            [
              126.9982345,
              37.4468891
            ],
            [
              126.9982971,
              37.4469293
            ],
            [
              126.9983379,
              37.447036
            ],
            [
              126.9984661,
              37.4471785
            ],
            [
              126.9987361,
              37.4476162
            ],
            [
              126.9990905,
              37.448237
            ],
            [
              126.9992762,
              37.4484469
            ],
            [
              126.9995631,
              37.4486389
            ],
            [
              126.9998444,
              37.448822
            ],
            [
              127.00012,
              37.4489471
            ],
            [
              127.0002833,
              37.4490313
            ],
            [
              127.0007607,
              37.4491331
            ],
            [
              127.0011111,
              37.4492368
            ],
            [
              127.0019297,
              37.4494433
            ],
            [
              127.0029441,
              37.449684
            ],
            [
              127.0031691,
              37.4497822
            ],
            [
              127.0033546,
              37.4499854
            ],
            [
              127.0035685,
              37.4502199
            ],
            [
              127.0036641,
              37.4503539
            ],
            [
              127.0037035,
              37.4505013
            ],
            [
              127.0037035,
              37.4506174
            ],
            [
              127.0034616,
              37.4514749
            ],
            [
              127.003366,
              37.4519215
            ],
            [
              127.0033322,
              37.4522251
            ],
            [
              127.0034785,
              37.4525735
            ],
            [
              127.0036529,
              37.4527209
            ],
            [
              127.0040355,
              37.4527786
            ],
            [
              127.00424,
              37.4529019
            ],
            [
              127.0046158,
              37.4530225
            ],
            [
              127.0049958,
              37.4531202
            ],
            [
              127.0055064,
              37.4533325
            ],
            [
              127.0059573,
              37.4535726
            ],
            [
              127.0063014,
              37.4537717
            ],
            [
              127.0070058,
              37.4542661
            ],
            [
              127.0074164,
              37.4545385
            ],
            [
              127.0078946,
              37.454802
            ],
            [
              127.008384,
              37.4549583
            ],
            [
              127.0089466,
              37.4550922
            ],
            [
              127.0110449,
              37.4553557
            ],
            [
              127.0119197,
              37.4555052
            ],
            [
              127.0123469,
              37.4555362
            ],
            [
              127.0131545,
              37.4555745
            ],
            [
              127.0135924,
              37.455569
            ],
            [
              127.0141671,
              37.4554807
            ],
            [
              127.0154636,
              37.4552939
            ],
            [
              127.0159223,
              37.4552798
            ],
            [
              127.0165018,
              37.4553468
            ],
            [
              127.0171795,
              37.4555269
            ],
            [
              127.0178518,
              37.4556535
            ],
            [
              127.0192655,
              37.4558731
            ],
            [
              127.0200636,
              37.4560219
            ],
            [
              127.0210979,
              37.4563275
            ],
            [
              127.0223458,
              37.4568836
            ],
            [
              127.0228195,
              37.4570525
            ],
            [
              127.0235901,
              37.4573513
            ],
            [
              127.0244001,
              37.4576682
            ],
            [
              127.0252967,
              37.4580866
            ],
            [
              127.025824,
              37.4583624
            ],
            [
              127.0262414,
              37.4587139
            ],
            [
              127.0269432,
              37.4598002
            ],
            [
              127.0275144,
              37.4605096
            ],
            [
              127.0276398,
              37.4606653
            ],
            [
              127.0281186,
              37.461286
            ],
            [
              127.0285815,
              37.4619134
            ],
            [
              127.0292828,
              37.462835
            ],
            [
              127.0299928,
              37.4637557
            ],
            [
              127.0302198,
              37.4642055
            ],
            [
              127.0302676,
              37.4644698
            ],
            [
              127.0290637,
              37.4674257
            ],
            [
              127.0290124,
              37.4676244
            ],
            [
              127.0289886,
              37.4678529
            ],
            [
              127.0290728,
              37.4680292
            ],
            [
              127.0293056,
              37.4682338
            ],
            [
              127.0309596,
              37.4703904
            ],
            [
              127.0313842,
              37.4708881
            ],
            [
              127.0324246,
              37.4719086
            ],
            [
              127.0331323,
              37.4725447
            ],
            [
              127.0335331,
              37.4727883
            ],
            [
              127.0339339,
              37.4730116
            ],
            [
              127.0347183,
              37.4732823
            ],
            [
              127.0356222,
              37.4734718
            ],
            [
              127.0376089,
              37.4738778
            ],
            [
              127.0382402,
              37.4742751
            ],
            [
              127.038996,
              37.4745551
            ],
            [
              127.039166,
              37.4746245
            ],
            [
              127.0394654,
              37.4747681
            ],
            [
              127.0399324,
              37.4749831
            ],
            [
              127.0402547,
              37.4753759
            ],
            [
              127.0415453,
              37.4767184
            ],
            [
              127.0417094,
              37.4769816
            ],
            [
              127.0419055,
              37.4772233
            ],
            [
              127.0425784,
              37.4779741
            ],
            [
              127.0429664,
              37.4784311
            ],
            [
              127.0435394,
              37.4791058
            ],
            [
              127.0439526,
              37.4796797
            ],
            [
              127.0440884,
              37.4798264
            ],
            [
              127.044735,
              37.480606
            ],
            [
              127.0452992,
              37.4810065
            ],
            [
              127.0455458,
              37.4811521
            ],
            [
              127.0464238,
              37.4816713
            ],
            [
              127.0478631,
              37.482504
            ],
            [
              127.0497258,
              37.4835835
            ],
            [
              127.0515981,
              37.4846915
            ],
            [
              127.0516967,
              37.4847518
            ],
            [
              127.0519497,
              37.4849066
            ],
            [
              127.0536614,
              37.4859539
            ],
            [
              127.055023,
              37.4867338
            ],
            [
              127.0565044,
              37.4876448
            ],
            [
              127.0567652,
              37.4878147
            ],
            [
              127.0576866,
              37.4883207
            ],
            [
              127.0580131,
              37.4884765
            ],
            [
              127.0588095,
              37.4888073
            ],
            [
              127.0599384,
              37.4890531
            ],
            [
              127.0655686,
              37.4900409
            ],
            [
              127.0667526,
              37.4902841
            ],
            [
              127.0673977,
              37.4904948
            ],
            [
              127.0682693,
              37.4908201
            ],
            [
              127.0684554,
              37.4909128
            ],
            [
              127.0694778,
              37.4915533
            ],
            [
              127.070117,
              37.4920662
            ],
            [
              127.0709154,
              37.4927671
            ],
            [
              127.0718963,
              37.493728
            ],
            [
              127.0727877,
              37.4946282
            ],
            [
              127.0732118,
              37.4951597
            ],
            [
              127.073458,
              37.4955138
            ],
            [
              127.0736066,
              37.4961331
            ],
            [
              127.0736363,
              37.496408
            ],
            [
              127.0738234,
              37.497034
            ],
            [
              127.0738285,
              37.4974224
            ],
            [
              127.0735415,
              37.4983362
            ],
            [
              127.073536,
              37.4983528
            ],
            [
              127.0731558,
              37.4992222
            ],
            [
              127.0730287,
              37.4999772
            ],
            [
              127.0731112,
              37.500212
            ],
            [
              127.07324,
              37.5004357
            ],
            [
              127.0732669,
              37.5006552
            ],
            [
              127.0732396,
              37.5012519
            ],
            [
              127.0732917,
              37.5017443
            ]
          ],
          [
            [
              126.9764969,
              37.4264374
            ],
            [
              126.9765676,
              37.4263474
            ],
            [
              126.9766101,
              37.4259258
            ],
            [
              126.976699,
              37.4255022
            ],
            [
              126.976681,
              37.4253649
            ],
            [
              126.9765252,
              37.4249759
            ],
            [
              126.9765818,
              37.4245261
            ],
            [
              126.9769074,
              37.4240034
            ],
            [
              126.977372,
              37.4233667
            ],
            [
              126.9776046,
              37.4233298
            ],
            [
              126.9779204,
              37.4232964
            ],
            [
              126.9796383,
              37.4231143
            ],
            [
              126.9807013,
              37.4230586
            ],
            [
              126.9838483,
              37.4232535
            ],
            [
              126.9854847,
              37.4234045
            ],
            [
              126.987388,
              37.4235589
            ],
            [
              126.9889419,
              37.4236566
            ],
            [
              126.9890764,
              37.4237297
            ],
            [
              126.9892463,
              37.4241175
            ],
            [
              126.9892675,
              37.424438
            ],
            [
              126.9892746,
              37.4247865
            ],
            [
              126.9893666,
              37.4250675
            ],
            [
              126.9897984,
              37.4256522
            ],
            [
              126.9929308,
              37.4292561
            ],
            [
              126.9930283,
              37.4293969
            ],
            [
              126.9943843,
              37.4309184
            ],
            [
              126.9944653,
              37.4309885
            ],
            [
              126.9946795,
              37.4311875
            ],
            [
              126.9949537,
              37.4314789
            ],
            [
              126.9951836,
              37.4317497
            ],
            [
              126.9953717,
              37.4319645
            ],
            [
              126.9955416,
              37.4321695
            ],
            [
              126.9956981,
              37.4323583
            ],
            [
              126.9966139,
              37.4333646
            ],
            [
              126.9972448,
              37.4340718
            ],
            [
              126.9975746,
              37.4345384
            ],
            [
              126.9974248,
              37.4348479
            ],
            [
              126.9973145,
              37.4349778
            ],
            [
              126.99726,
              37.4351241
            ],
            [
              126.9971655,
              37.4352446
            ],
            [
              126.9971199,
              37.43533
            ],
            [
              126.9969645,
              37.4355376
            ],
            [
              126.9968714,
              37.4356964
            ],
            [
              126.996829,
              37.4357659
            ],
            [
              126.9967121,
              37.435965
            ],
            [
              126.9966719,
              37.4360335
            ],
            [
              126.9966248,
              37.4360646
            ],
            [
              126.9965292,
              37.436196
            ],
            [
              126.9964621,
              37.4363152
            ],
            [
              126.9961985,
              37.4367921
            ],
            [
              126.9961126,
              37.4369154
            ],
            [
              126.995405,
              37.4379309
            ],
            [
              126.9952124,
              37.4382256
            ],
            [
              126.9945086,
              37.4393657
            ],
            [
              126.9944166,
              37.4397113
            ],
            [
              126.9944141,
              37.439867
            ],
            [
              126.9945189,
              37.4400255
            ],
            [
              126.9947362,
              37.4402773
            ],
            [
              126.9949806,
              37.4405605
            ],
            [
              126.9950125,
              37.4405974
            ],
            [
              126.995273,
              37.440935
            ],
            [
              126.9957593,
              37.4417458
            ],
            [
              126.9957725,
              37.4417784
            ],
            [
              126.9959284,
              37.442048
            ],
            [
              126.9961081,
              37.4424231
            ],
            [
              126.9962721,
              37.4429801
            ],
            [
              126.9963405,
              37.4432741
            ],
            [
              126.9963571,
              37.4435181
            ],
            [
              126.9962784,
              37.4444022
            ],
            [
              126.9963094,
              37.4447283
            ]
          ]
        ]
      },
      "id": "relation/12570381"
    },
    {
      "type": "Feature",
      "properties": {
        "@id": "relation/19279176",
        "name": "탄천",
        "name:en": "Tancheon Stream",
        "name:ja": "炭川",
        "type": "waterway",
        "waterway": "river",
        "wikidata": "Q625041"
      },
      "geometry": {
        "type": "LineString",
        "coordinates": [
          [
            127.1548871,
            37.2961996
          ],
          [
            127.1547691,
            37.2960289
          ],
          [
            127.1546887,
            37.2959137
          ],
          [
            127.154635,
            37.2958241
          ],
          [
            127.1544365,
            37.2956235
          ],
          [
            127.1542488,
            37.2954997
          ],
          [
            127.1541308,
            37.2954187
          ],
          [
            127.1540288,
            37.2953418
          ],
          [
            127.1539323,
            37.2952821
          ],
          [
            127.1538411,
            37.295248
          ],
          [
            127.1537338,
            37.2952181
          ],
          [
            127.1536211,
            37.2951498
          ],
          [
            127.1535299,
            37.2950943
          ],
          [
            127.1534066,
            37.2950516
          ],
          [
            127.1532832,
            37.295009
          ],
          [
            127.1531544,
            37.2949748
          ],
          [
            127.153074,
            37.2949279
          ],
          [
            127.1529506,
            37.2948681
          ],
          [
            127.1527414,
            37.2947956
          ],
          [
            127.1526287,
            37.2947572
          ],
          [
            127.1525161,
            37.2946932
          ],
          [
            127.1523498,
            37.2946164
          ],
          [
            127.1522425,
            37.2945822
          ],
          [
            127.1521406,
            37.294531
          ],
          [
            127.1520547,
            37.2944713
          ],
          [
            127.151867,
            37.294356
          ],
          [
            127.1516578,
            37.2942451
          ],
          [
            127.1515022,
            37.2941427
          ],
          [
            127.1513788,
            37.2940317
          ],
          [
            127.1512769,
            37.2939421
          ],
          [
            127.1511374,
            37.2938567
          ],
          [
            127.1509711,
            37.2937628
          ],
          [
            127.1508237,
            37.2936973
          ],
          [
            127.1507887,
            37.2936818
          ],
          [
            127.150482,
            37.2935829
          ],
          [
            127.1504833,
            37.2933649
          ],
          [
            127.1502592,
            37.2932747
          ],
          [
            127.1501997,
            37.2934876
          ],
          [
            127.1501021,
            37.2934556
          ],
          [
            127.1494637,
            37.2932849
          ],
          [
            127.1491794,
            37.2931867
          ],
          [
            127.1487234,
            37.2930331
          ],
          [
            127.1484069,
            37.2929008
          ],
          [
            127.1483726,
            37.2928868
          ],
          [
            127.1480421,
            37.2927514
          ],
          [
            127.1478115,
            37.2926447
          ],
          [
            127.1477184,
            37.2926036
          ],
          [
            127.1475246,
            37.2924847
          ],
          [
            127.1470864,
            37.2921862
          ],
          [
            127.1468592,
            37.2920314
          ],
          [
            127.1456683,
            37.2912475
          ],
          [
            127.1454675,
            37.2910692
          ],
          [
            127.144781,
            37.2906066
          ],
          [
            127.1446699,
            37.2905555
          ],
          [
            127.1446267,
            37.2905356
          ],
          [
            127.1436211,
            37.2900961
          ],
          [
            127.1431437,
            37.2899327
          ],
          [
            127.1427972,
            37.2898631
          ],
          [
            127.1424024,
            37.2897977
          ],
          [
            127.1421777,
            37.289798
          ],
          [
            127.1419868,
            37.2898252
          ],
          [
            127.1417945,
            37.2898986
          ],
          [
            127.1415191,
            37.2900668
          ],
          [
            127.1412944,
            37.2901748
          ],
          [
            127.1411491,
            37.2902097
          ],
          [
            127.1409996,
            37.2902183
          ],
          [
            127.1408346,
            37.2902039
          ],
          [
            127.1405245,
            37.2902435
          ],
          [
            127.1402024,
            37.2902788
          ],
          [
            127.1399291,
            37.2902625
          ],
          [
            127.1397304,
            37.2902095
          ],
          [
            127.1393828,
            37.2900896
          ],
          [
            127.1391544,
            37.2900714
          ],
          [
            127.1386639,
            37.2901347
          ],
          [
            127.1384474,
            37.2901479
          ],
          [
            127.1382244,
            37.2901426
          ],
          [
            127.1379608,
            37.290097
          ],
          [
            127.1375832,
            37.2900423
          ],
          [
            127.1373385,
            37.2900796
          ],
          [
            127.1370709,
            37.290188
          ],
          [
            127.1367159,
            37.2903334
          ],
          [
            127.1364832,
            37.2903909
          ],
          [
            127.1359824,
            37.2903804
          ],
          [
            127.1356938,
            37.2903604
          ],
          [
            127.1354939,
            37.2903184
          ],
          [
            127.1352406,
            37.2902436
          ],
          [
            127.134502,
            37.2900372
          ],
          [
            127.1342289,
            37.289978
          ],
          [
            127.1338082,
            37.2899084
          ],
          [
            127.1335648,
            37.2899161
          ],
          [
            127.1330826,
            37.2901412
          ],
          [
            127.1329,
            37.2902706
          ],
          [
            127.1325667,
            37.2905057
          ],
          [
            127.1322479,
            37.2907146
          ],
          [
            127.1318447,
            37.2909706
          ],
          [
            127.131479,
            37.2911391
          ],
          [
            127.1309386,
            37.2913565
          ],
          [
            127.1304551,
            37.2916758
          ],
          [
            127.1299295,
            37.2917043
          ],
          [
            127.1294136,
            37.2917261
          ],
          [
            127.1291334,
            37.2916494
          ],
          [
            127.1286096,
            37.2914523
          ],
          [
            127.128063,
            37.2912084
          ],
          [
            127.1275741,
            37.2909758
          ],
          [
            127.1266961,
            37.2905714
          ],
          [
            127.1264642,
            37.2905972
          ],
          [
            127.1255419,
            37.2906864
          ],
          [
            127.1250868,
            37.2907676
          ],
          [
            127.1240495,
            37.2909741
          ],
          [
            127.1236182,
            37.2910856
          ],
          [
            127.123176,
            37.2914055
          ],
          [
            127.1230482,
            37.29149
          ],
          [
            127.1229006,
            37.2915695
          ],
          [
            127.1203531,
            37.2917051
          ],
          [
            127.1194471,
            37.2918686
          ],
          [
            127.1185038,
            37.2918742
          ],
          [
            127.1177683,
            37.2919708
          ],
          [
            127.1174367,
            37.2919986
          ],
          [
            127.1156387,
            37.29219
          ],
          [
            127.1153562,
            37.2921992
          ],
          [
            127.1149523,
            37.2923441
          ],
          [
            127.1142401,
            37.2927324
          ],
          [
            127.1135489,
            37.2930519
          ],
          [
            127.1127134,
            37.2933301
          ],
          [
            127.1123854,
            37.2935014
          ],
          [
            127.1122857,
            37.2935534
          ],
          [
            127.1119798,
            37.294224
          ],
          [
            127.1118677,
            37.2943819
          ],
          [
            127.1112396,
            37.2948593
          ],
          [
            127.1108427,
            37.2950172
          ],
          [
            127.1105321,
            37.2950766
          ],
          [
            127.1095624,
            37.2955337
          ],
          [
            127.108895,
            37.2958859
          ],
          [
            127.1082988,
            37.2966538
          ],
          [
            127.1078993,
            37.2971403
          ],
          [
            127.1073479,
            37.2979399
          ],
          [
            127.1070102,
            37.2985175
          ],
          [
            127.1063422,
            37.3001058
          ],
          [
            127.1055473,
            37.3014342
          ],
          [
            127.1045491,
            37.3023312
          ],
          [
            127.1041547,
            37.3027674
          ],
          [
            127.1041924,
            37.3049929
          ],
          [
            127.104156,
            37.3063835
          ],
          [
            127.1041135,
            37.3070479
          ],
          [
            127.1042197,
            37.3073294
          ],
          [
            127.1041371,
            37.3079817
          ],
          [
            127.1041356,
            37.3079934
          ],
          [
            127.1041135,
            37.3081683
          ],
          [
            127.1040498,
            37.3086469
          ],
          [
            127.1041914,
            37.3096265
          ],
          [
            127.1041174,
            37.3107217
          ],
          [
            127.1041549,
            37.3120057
          ],
          [
            127.1044805,
            37.3130078
          ],
          [
            127.1045371,
            37.3139592
          ],
          [
            127.1048486,
            37.3152709
          ],
          [
            127.1048061,
            37.3173763
          ],
          [
            127.104799,
            37.3187837
          ],
          [
            127.1053299,
            37.3198138
          ],
          [
            127.1058891,
            37.3204049
          ],
          [
            127.1062018,
            37.3205311
          ],
          [
            127.1078789,
            37.3212278
          ],
          [
            127.1082339,
            37.321548
          ],
          [
            127.1088762,
            37.3221443
          ],
          [
            127.109223,
            37.3225777
          ],
          [
            127.1098298,
            37.3230389
          ],
          [
            127.1104789,
            37.3240379
          ],
          [
            127.1112448,
            37.3245207
          ],
          [
            127.111483,
            37.3253377
          ],
          [
            127.1113475,
            37.3254417
          ],
          [
            127.1112308,
            37.3261807
          ],
          [
            127.1114082,
            37.3263626
          ],
          [
            127.1110627,
            37.3272873
          ],
          [
            127.1111701,
            37.3281191
          ],
          [
            127.1117678,
            37.3292443
          ],
          [
            127.1127065,
            37.3307445
          ],
          [
            127.1131548,
            37.331398
          ],
          [
            127.113238,
            37.3315684
          ],
          [
            127.113365,
            37.3321036
          ],
          [
            127.1133323,
            37.3327868
          ],
          [
            127.1130427,
            37.3338376
          ],
          [
            127.1126505,
            37.3356868
          ],
          [
            127.1123189,
            37.3370532
          ],
          [
            127.1123282,
            37.3380111
          ],
          [
            127.1127485,
            37.339281
          ],
          [
            127.1141122,
            37.3403577
          ],
          [
            127.1153637,
            37.3409666
          ],
          [
            127.1158961,
            37.341104
          ],
          [
            127.1164425,
            37.3410891
          ],
          [
            127.1172131,
            37.3413602
          ],
          [
            127.1174554,
            37.3414136
          ],
          [
            127.1180723,
            37.3415495
          ],
          [
            127.1184786,
            37.3416275
          ],
          [
            127.1193146,
            37.342125
          ],
          [
            127.1201738,
            37.3430681
          ],
          [
            127.1205661,
            37.344412
          ],
          [
            127.1206455,
            37.3453328
          ],
          [
            127.1210378,
            37.3462127
          ],
          [
            127.1211265,
            37.3470406
          ],
          [
            127.1212012,
            37.3483102
          ],
          [
            127.1210985,
            37.3491678
          ],
          [
            127.1210284,
            37.350831
          ],
          [
            127.1211312,
            37.3514324
          ],
          [
            127.1204307,
            37.3522602
          ],
          [
            127.1179743,
            37.3532217
          ],
          [
            127.1155739,
            37.3545915
          ],
          [
            127.112926,
            37.3563436
          ],
          [
            127.1107685,
            37.3573384
          ],
          [
            127.1089191,
            37.3586747
          ],
          [
            127.108695,
            37.3602003
          ],
          [
            127.1088538,
            37.3629137
          ],
          [
            127.1088771,
            37.3646322
          ],
          [
            127.1088773,
            37.3663167
          ],
          [
            127.1089781,
            37.3680897
          ],
          [
            127.1090468,
            37.3699126
          ],
          [
            127.1088442,
            37.3709496
          ],
          [
            127.108779,
            37.3715646
          ],
          [
            127.1087981,
            37.3722249
          ],
          [
            127.1089369,
            37.3736545
          ],
          [
            127.1089378,
            37.3753926
          ],
          [
            127.1091813,
            37.3767823
          ],
          [
            127.1093865,
            37.3773945
          ],
          [
            127.1115983,
            37.3794025
          ],
          [
            127.1134831,
            37.3808078
          ],
          [
            127.1151599,
            37.3821522
          ],
          [
            127.1154763,
            37.3824172
          ],
          [
            127.1164079,
            37.3843177
          ],
          [
            127.1165324,
            37.384793
          ],
          [
            127.1166055,
            37.3850719
          ],
          [
            127.1169337,
            37.385605
          ],
          [
            127.1170358,
            37.3857302
          ],
          [
            127.1179136,
            37.3868061
          ],
          [
            127.1194033,
            37.3883089
          ],
          [
            127.1208416,
            37.3898673
          ],
          [
            127.1229758,
            37.3923198
          ],
          [
            127.124615,
            37.3941341
          ],
          [
            127.1246804,
            37.3961116
          ],
          [
            127.1246664,
            37.3975697
          ],
          [
            127.1247925,
            37.3992355
          ],
          [
            127.1248578,
            37.3994766
          ],
          [
            127.1246991,
            37.4000888
          ],
          [
            127.1246664,
            37.40286
          ],
          [
            127.1247177,
            37.4070445
          ],
          [
            127.1242934,
            37.4081224
          ],
          [
            127.1232007,
            37.4108981
          ],
          [
            127.1221034,
            37.4125261
          ],
          [
            127.1190968,
            37.4169867
          ],
          [
            127.1176672,
            37.4211662
          ],
          [
            127.1176273,
            37.4216901
          ],
          [
            127.1176487,
            37.4224891
          ],
          [
            127.1176701,
            37.423662
          ],
          [
            127.1174946,
            37.4255216
          ],
          [
            127.1171372,
            37.4284968
          ],
          [
            127.117348,
            37.4292587
          ],
          [
            127.1179059,
            37.431275
          ],
          [
            127.1179244,
            37.4335405
          ],
          [
            127.1185961,
            37.4358549
          ],
          [
            127.1193602,
            37.4386144
          ],
          [
            127.1180476,
            37.4421176
          ],
          [
            127.1177765,
            37.4425823
          ],
          [
            127.117604,
            37.444691
          ],
          [
            127.1177827,
            37.4471371
          ],
          [
            127.11753,
            37.4499011
          ],
          [
            127.1176373,
            37.454543
          ],
          [
            127.1173675,
            37.4556989
          ],
          [
            127.117503,
            37.457949
          ],
          [
            127.1180083,
            37.4596121
          ],
          [
            127.1199925,
            37.4635153
          ],
          [
            127.1207201,
            37.4644483
          ],
          [
            127.122495,
            37.4664183
          ],
          [
            127.1228128,
            37.4670123
          ],
          [
            127.1230007,
            37.4678076
          ],
          [
            127.1226466,
            37.4687997
          ],
          [
            127.1214887,
            37.4704394
          ],
          [
            127.1203721,
            37.4718183
          ],
          [
            127.1194818,
            37.4729448
          ],
          [
            127.1192172,
            37.4732686
          ],
          [
            127.1190295,
            37.4734898
          ],
          [
            127.1187843,
            37.4738703
          ],
          [
            127.1185917,
            37.4755393
          ],
          [
            127.118082,
            37.4762055
          ],
          [
            127.1176153,
            37.4766972
          ],
          [
            127.1167222,
            37.4773326
          ],
          [
            127.1163453,
            37.4775912
          ],
          [
            127.1159575,
            37.4780104
          ],
          [
            127.1156924,
            37.4789746
          ],
          [
            127.1150377,
            37.4799262
          ],
          [
            127.1141553,
            37.4807805
          ],
          [
            127.1133825,
            37.4810751
          ],
          [
            127.1131253,
            37.4816737
          ],
          [
            127.112512,
            37.4826335
          ],
          [
            127.1123657,
            37.4832028
          ],
          [
            127.1122381,
            37.4840391
          ],
          [
            127.1121213,
            37.4842822
          ],
          [
            127.1119746,
            37.4844895
          ],
          [
            127.1118263,
            37.4846464
          ],
          [
            127.1116362,
            37.4848676
          ],
          [
            127.1110954,
            37.4855177
          ],
          [
            127.1092589,
            37.4878119
          ],
          [
            127.1078782,
            37.4892284
          ],
          [
            127.1069378,
            37.4907227
          ],
          [
            127.1063409,
            37.491423
          ],
          [
            127.1053658,
            37.4920645
          ],
          [
            127.103468,
            37.4928042
          ],
          [
            127.1025281,
            37.4932057
          ],
          [
            127.1006594,
            37.4941713
          ],
          [
            127.0999664,
            37.4947328
          ],
          [
            127.0992234,
            37.4952372
          ],
          [
            127.0981157,
            37.4956394
          ],
          [
            127.0970638,
            37.4960615
          ],
          [
            127.0953476,
            37.4965672
          ],
          [
            127.0931859,
            37.4972997
          ],
          [
            127.0914718,
            37.4977845
          ],
          [
            127.0903212,
            37.4975078
          ],
          [
            127.0882907,
            37.4982994
          ],
          [
            127.0873144,
            37.498742
          ],
          [
            127.0862884,
            37.4991337
          ],
          [
            127.0851177,
            37.4998358
          ],
          [
            127.0823322,
            37.5004816
          ],
          [
            127.0809174,
            37.500887
          ],
          [
            127.0794491,
            37.5012181
          ],
          [
            127.07823,
            37.5014221
          ],
          [
            127.0776531,
            37.5014977
          ],
          [
            127.0769705,
            37.5015873
          ],
          [
            127.0750755,
            37.5016148
          ],
          [
            127.0741823,
            37.501619
          ],
          [
            127.0732917,
            37.5017443
          ],
          [
            127.07286,
            37.5018786
          ],
          [
            127.0726481,
            37.5021999
          ],
          [
            127.0720197,
            37.5024787
          ],
          [
            127.0708158,
            37.5031336
          ],
          [
            127.0704997,
            37.5033958
          ],
          [
            127.0702213,
            37.5036751
          ],
          [
            127.0699337,
            37.504049
          ],
          [
            127.0696145,
            37.5047789
          ],
          [
            127.0693221,
            37.5059347
          ],
          [
            127.068978,
            37.5083283
          ],
          [
            127.0686753,
            37.5102901
          ],
          [
            127.0682239,
            37.513264
          ],
          [
            127.0672335,
            37.5194811
          ],
          [
            127.0671425,
            37.5204265
          ],
          [
            127.0674334,
            37.5243271
          ]
        ]
      },
      "id": "relation/19279176"
    },
    {
      "type": "Feature",
      "properties": {
        "@id": "relation/19282613",
        "name": "안양천",
        "name:ja": "安養川",
        "type": "waterway",
        "waterway": "river",
        "wikidata": "Q4778219",
        "wikipedia": "ko:안양천"
      },
      "geometry": {
        "type": "LineString",
        "coordinates": [
          [
            126.9803958,
            37.3335401
          ],
          [
            126.9804241,
            37.3337427
          ],
          [
            126.9803817,
            37.3338328
          ],
          [
            126.980141,
            37.3340692
          ],
          [
            126.9801198,
            37.3341367
          ],
          [
            126.9801552,
            37.3345082
          ],
          [
            126.9801622,
            37.3346038
          ],
          [
            126.9800915,
            37.3347558
          ],
          [
            126.9800702,
            37.3348515
          ],
          [
            126.9800773,
            37.3349359
          ],
          [
            126.9802062,
            37.3350807
          ],
          [
            126.9807147,
            37.3357602
          ],
          [
            126.9807851,
            37.3358251
          ],
          [
            126.9808276,
            37.335932
          ],
          [
            126.9808347,
            37.3360277
          ],
          [
            126.9805799,
            37.3368888
          ],
          [
            126.9805799,
            37.3371983
          ],
          [
            126.9806577,
            37.3373334
          ],
          [
            126.9809479,
            37.3376204
          ],
          [
            126.9810116,
            37.3377499
          ],
          [
            126.9810046,
            37.3379637
          ],
          [
            126.9809384,
            37.3381595
          ],
          [
            126.9809018,
            37.3383223
          ],
          [
            126.980955,
            37.3387629
          ],
          [
            126.9809196,
            37.3388979
          ],
          [
            126.9807781,
            37.3390555
          ],
          [
            126.9806294,
            37.3390949
          ],
          [
            126.9803171,
            37.3392314
          ],
          [
            126.9801273,
            37.3392956
          ],
          [
            126.9798995,
            37.3395118
          ],
          [
            126.9798154,
            37.3399166
          ],
          [
            126.9797517,
            37.340001
          ],
          [
            126.9797185,
            37.3400718
          ],
          [
            126.9796339,
            37.3400887
          ],
          [
            126.9795323,
            37.3401308
          ],
          [
            126.9786542,
            37.3402439
          ],
          [
            126.9784265,
            37.3402988
          ],
          [
            126.9782192,
            37.3403861
          ],
          [
            126.9781213,
            37.340527
          ],
          [
            126.9778588,
            37.3411678
          ],
          [
            126.9775328,
            37.3413803
          ],
          [
            126.976792,
            37.3422145
          ],
          [
            126.9755656,
            37.3438674
          ],
          [
            126.9745153,
            37.3452772
          ],
          [
            126.9742084,
            37.3457339
          ],
          [
            126.9741062,
            37.3459143
          ],
          [
            126.9739788,
            37.3466366
          ],
          [
            126.9738708,
            37.3467364
          ],
          [
            126.9733286,
            37.3472152
          ],
          [
            126.9731247,
            37.3473367
          ],
          [
            126.9725541,
            37.3480397
          ],
          [
            126.9722926,
            37.3482179
          ],
          [
            126.9720218,
            37.3482921
          ],
          [
            126.9711671,
            37.3484889
          ],
          [
            126.9709803,
            37.3485594
          ],
          [
            126.9708262,
            37.3487042
          ],
          [
            126.9708242,
            37.3488809
          ],
          [
            126.9706973,
            37.3495884
          ],
          [
            126.9704863,
            37.3508528
          ],
          [
            126.9703485,
            37.3510919
          ],
          [
            126.9701141,
            37.3513135
          ],
          [
            126.9699571,
            37.3514519
          ],
          [
            126.9696245,
            37.351889
          ],
          [
            126.9691792,
            37.352567
          ],
          [
            126.9688627,
            37.3530233
          ],
          [
            126.9686052,
            37.3532941
          ],
          [
            126.9683988,
            37.3533758
          ],
          [
            126.9676386,
            37.3536795
          ],
          [
            126.9665897,
            37.3540576
          ],
          [
            126.9660612,
            37.3543453
          ],
          [
            126.9653985,
            37.3548203
          ],
          [
            126.9650936,
            37.355053
          ],
          [
            126.9647923,
            37.3552745
          ],
          [
            126.9644352,
            37.3553644
          ],
          [
            126.9634024,
            37.3554569
          ],
          [
            126.9623667,
            37.3555239
          ],
          [
            126.9620767,
            37.3556031
          ],
          [
            126.9617374,
            37.35573
          ],
          [
            126.9612318,
            37.3559602
          ],
          [
            126.9604285,
            37.3563493
          ],
          [
            126.9600449,
            37.3565508
          ],
          [
            126.9596949,
            37.3567821
          ],
          [
            126.9593891,
            37.3569911
          ],
          [
            126.9589144,
            37.3572821
          ],
          [
            126.9585644,
            37.3575059
          ],
          [
            126.9578496,
            37.3580091
          ],
          [
            126.957639,
            37.3581796
          ],
          [
            126.9570422,
            37.3586913
          ],
          [
            126.9567539,
            37.3590729
          ],
          [
            126.9563381,
            37.3599886
          ],
          [
            126.9561692,
            37.3604747
          ],
          [
            126.9561356,
            37.3608158
          ],
          [
            126.9561651,
            37.3613051
          ],
          [
            126.9562832,
            37.3618775
          ],
          [
            126.9563073,
            37.3625255
          ],
          [
            126.9563127,
            37.3629754
          ],
          [
            126.9562107,
            37.3636746
          ],
          [
            126.9560605,
            37.3650347
          ],
          [
            126.9559506,
            37.3654078
          ],
          [
            126.9557869,
            37.3656614
          ],
          [
            126.9555777,
            37.3658597
          ],
          [
            126.9552988,
            37.3659833
          ],
          [
            126.9550386,
            37.3660537
          ],
          [
            126.9529679,
            37.366043
          ],
          [
            126.9521257,
            37.3660771
          ],
          [
            126.9518521,
            37.3661389
          ],
          [
            126.951659,
            37.3662114
          ],
          [
            126.9512057,
            37.3665013
          ],
          [
            126.950916,
            37.3667635
          ],
          [
            126.9506907,
            37.3670471
          ],
          [
            126.9501597,
            37.3675928
          ],
          [
            126.9494516,
            37.3682067
          ],
          [
            126.9490573,
            37.3686181
          ],
          [
            126.9486576,
            37.3688739
          ],
          [
            126.9481587,
            37.3691979
          ],
          [
            126.9472334,
            37.3698183
          ],
          [
            126.9470459,
            37.3699288
          ],
          [
            126.9470349,
            37.3702382
          ],
          [
            126.9470644,
            37.3706986
          ],
          [
            126.9470054,
            37.3710098
          ],
          [
            126.9465253,
            37.3716514
          ],
          [
            126.9460344,
            37.3721374
          ],
          [
            126.9457099,
            37.3726064
          ],
          [
            126.9455543,
            37.3728856
          ],
          [
            126.9454846,
            37.3733418
          ],
          [
            126.945498,
            37.3737468
          ],
          [
            126.9457528,
            37.3741347
          ],
          [
            126.9463026,
            37.3748232
          ],
          [
            126.9465816,
            37.3752879
          ],
          [
            126.9466165,
            37.3756246
          ],
          [
            126.9463804,
            37.3760765
          ],
          [
            126.9459191,
            37.3765646
          ],
          [
            126.9452271,
            37.3770101
          ],
          [
            126.9439879,
            37.3778179
          ],
          [
            126.9434515,
            37.3781248
          ],
          [
            126.942459,
            37.3785127
          ],
          [
            126.9417939,
            37.3787664
          ],
          [
            126.9409094,
            37.3792603
          ],
          [
            126.9396635,
            37.3799662
          ],
          [
            126.9392502,
            37.3803596
          ],
          [
            126.9390339,
            37.3807301
          ],
          [
            126.9390195,
            37.3811693
          ],
          [
            126.9392117,
            37.3818147
          ],
          [
            126.9401778,
            37.3840259
          ],
          [
            126.9410477,
            37.3853587
          ],
          [
            126.9412496,
            37.385859
          ],
          [
            126.9412351,
            37.3863249
          ],
          [
            126.9409035,
            37.3874209
          ],
          [
            126.9408314,
            37.3880242
          ],
          [
            126.9413265,
            37.3894333
          ],
          [
            126.9413265,
            37.3900749
          ],
          [
            126.9411198,
            37.3912472
          ],
          [
            126.9408506,
            37.3920185
          ],
          [
            126.9403075,
            37.3928968
          ],
          [
            126.9398221,
            37.3934352
          ],
          [
            126.9389762,
            37.3940194
          ],
          [
            126.937692,
            37.39455
          ],
          [
            126.93162,
            37.3972871
          ],
          [
            126.9310385,
            37.3977758
          ],
          [
            126.9296158,
            37.3994635
          ],
          [
            126.9280109,
            37.4007825
          ],
          [
            126.9238099,
            37.4041521
          ],
          [
            126.9216471,
            37.405496
          ],
          [
            126.9203782,
            37.4065268
          ],
          [
            126.9172734,
            37.4094893
          ],
          [
            126.9164467,
            37.4098177
          ],
          [
            126.9158401,
            37.4098811
          ],
          [
            126.9157162,
            37.409894
          ],
          [
            126.9146492,
            37.4096802
          ],
          [
            126.9130115,
            37.4091638
          ],
          [
            126.9121307,
            37.4088861
          ],
          [
            126.9068823,
            37.4075194
          ],
          [
            126.9033738,
            37.4049538
          ],
          [
            126.8981556,
            37.4034975
          ],
          [
            126.8976832,
            37.4033656
          ],
          [
            126.89677,
            37.4033885
          ],
          [
            126.8960971,
            37.4036557
          ],
          [
            126.8954794,
            37.4040441
          ],
          [
            126.8951429,
            37.4045921
          ],
          [
            126.8944149,
            37.4071834
          ],
          [
            126.8941266,
            37.4076797
          ],
          [
            126.8934441,
            37.4083364
          ],
          [
            126.8918772,
            37.4094283
          ],
          [
            126.8909641,
            37.4102605
          ],
          [
            126.8905603,
            37.4107492
          ],
          [
            126.8906372,
            37.4115738
          ],
          [
            126.8912332,
            37.4129252
          ],
          [
            126.8923386,
            37.4148262
          ],
          [
            126.8950686,
            37.4178266
          ],
          [
            126.8964239,
            37.4196436
          ],
          [
            126.8977985,
            37.4218881
          ],
          [
            126.8983176,
            37.4232393
          ],
          [
            126.8983561,
            37.4242546
          ],
          [
            126.8979427,
            37.4261401
          ],
          [
            126.8975871,
            37.4285065
          ],
          [
            126.8976543,
            37.4297813
          ],
          [
            126.8979812,
            37.4307736
          ],
          [
            126.8999037,
            37.4344145
          ],
          [
            126.9002305,
            37.435735
          ],
          [
            126.9002593,
            37.4375286
          ],
          [
            126.899971,
            37.4391696
          ],
          [
            126.8992116,
            37.4411311
          ],
          [
            126.8984356,
            37.442706
          ],
          [
            126.8941446,
            37.452212
          ],
          [
            126.8913593,
            37.4576099
          ],
          [
            126.8891702,
            37.4606346
          ],
          [
            126.8782208,
            37.4733266
          ],
          [
            126.8754797,
            37.47794
          ],
          [
            126.873099,
            37.4827464
          ],
          [
            126.8712435,
            37.4891081
          ],
          [
            126.8698279,
            37.4957277
          ],
          [
            126.869598,
            37.4968026
          ],
          [
            126.8699831,
            37.4992747
          ],
          [
            126.8731691,
            37.5079957
          ],
          [
            126.8789107,
            37.514994
          ],
          [
            126.8796046,
            37.5165043
          ],
          [
            126.879891,
            37.5178543
          ],
          [
            126.879751,
            37.524685
          ],
          [
            126.8805212,
            37.5261844
          ],
          [
            126.8815365,
            37.5271007
          ],
          [
            126.8850375,
            37.5284056
          ],
          [
            126.8873131,
            37.5297938
          ],
          [
            126.8888186,
            37.5313764
          ],
          [
            126.8897288,
            37.5337363
          ],
          [
            126.8896938,
            37.535291
          ],
          [
            126.8852475,
            37.5437857
          ],
          [
            126.8809413,
            37.5476719
          ],
          [
            126.8794475,
            37.5496268
          ],
          [
            126.8779412,
            37.5517023
          ],
          [
            126.87704,
            37.553269
          ],
          [
            126.8768736,
            37.5543986
          ],
          [
            126.8768143,
            37.5548008
          ],
          [
            126.8785265,
            37.5587787
          ]
        ]
      },
      "id": "relation/19282613"
    },
    {
      "type": "Feature",
      "properties": {
        "@id": "way/26084930",
        "alt_name:ko": "중랑천",
        "intermittent": "no",
        "name": "중랑천",
        "name:en": "Jungrangcheon Stream",
        "name:ja": "中浪川",
        "name:ko": "중랑천",
        "name:ko-Hani": "中浪川",
        "name:zh": "中浪川",
        "name:zh-Hant": "中浪川",
        "waterway": "river",
        "wikidata": "Q6312978",
        "wikipedia": "ko:중랑천"
      },
      "geometry": {
        "type": "LineString",
        "coordinates": [
          [
            127.0716113,
            37.5594776
          ],
          [
            127.0692575,
            37.5571133
          ],
          [
            127.0639699,
            37.5509157
          ],
          [
            127.0634544,
            37.5504322
          ],
          [
            127.0631107,
            37.5502006
          ],
          [
            127.0626254,
            37.5499915
          ],
          [
            127.0620782,
            37.5498608
          ],
          [
            127.0617151,
            37.5498087
          ],
          [
            127.0606559,
            37.5498833
          ],
          [
            127.0570005,
            37.550844
          ],
          [
            127.0506623,
            37.5527466
          ],
          [
            127.0484001,
            37.5530571
          ],
          [
            127.0456251,
            37.5530116
          ],
          [
            127.0429982,
            37.55273
          ],
          [
            127.0406444,
            37.5521515
          ],
          [
            127.0384239,
            37.5512109
          ],
          [
            127.0379054,
            37.5508935
          ],
          [
            127.0373584,
            37.5504946
          ],
          [
            127.0355992,
            37.5490942
          ],
          [
            127.0328759,
            37.5465914
          ],
          [
            127.0318807,
            37.5458108
          ],
          [
            127.0310385,
            37.5452661
          ],
          [
            127.0307085,
            37.5450526
          ],
          [
            127.0295024,
            37.5443257
          ],
          [
            127.0282167,
            37.54361
          ],
          [
            127.0265336,
            37.5426595
          ],
          [
            127.0251649,
            37.5414681
          ]
        ]
      },
      "id": "way/26084930"
    },
    {
      "type": "Feature",
      "properties": {
        "@id": "way/26505520",
        "name": "양재천",
        "name:ko-Hani": "良才川",
        "name:zh": "良才川",
        "name:zh-Hant": "良才川",
        "waterway": "river",
        "@relations": [
          {
            "role": "main_stream",
            "rel": 12570381,
            "reltags": {
              "name": "양재천",
              "name:ar": "نهر يانغ جي تشون",
              "name:en": "Yangjaecheon Stream",
              "name:ja": "良才川",
              "name:ko": "양재천",
              "type": "waterway",
              "waterway": "river",
              "wikidata": "Q623786"
            }
          }
        ]
      },
      "geometry": {
        "type": "LineString",
        "coordinates": [
          [
            127.003366,
            37.4519215
          ],
          [
            127.0033322,
            37.4522251
          ],
          [
            127.0034785,
            37.4525735
          ],
          [
            127.0036529,
            37.4527209
          ],
          [
            127.0040355,
            37.4527786
          ],
          [
            127.00424,
            37.4529019
          ],
          [
            127.0046158,
            37.4530225
          ],
          [
            127.0049958,
            37.4531202
          ],
          [
            127.0055064,
            37.4533325
          ],
          [
            127.0059573,
            37.4535726
          ],
          [
            127.0063014,
            37.4537717
          ],
          [
            127.0070058,
            37.4542661
          ],
          [
            127.0074164,
            37.4545385
          ],
          [
            127.0078946,
            37.454802
          ],
          [
            127.008384,
            37.4549583
          ],
          [
            127.0089466,
            37.4550922
          ],
          [
            127.0110449,
            37.4553557
          ],
          [
            127.0119197,
            37.4555052
          ],
          [
            127.0123469,
            37.4555362
          ],
          [
            127.0131545,
            37.4555745
          ],
          [
            127.0135924,
            37.455569
          ],
          [
            127.0141671,
            37.4554807
          ],
          [
            127.0154636,
            37.4552939
          ],
          [
            127.0159223,
            37.4552798
          ],
          [
            127.0165018,
            37.4553468
          ],
          [
            127.0171795,
            37.4555269
          ],
          [
            127.0178518,
            37.4556535
          ],
          [
            127.0192655,
            37.4558731
          ],
          [
            127.0200636,
            37.4560219
          ],
          [
            127.0210979,
            37.4563275
          ],
          [
            127.0223458,
            37.4568836
          ],
          [
            127.0228195,
            37.4570525
          ],
          [
            127.0235901,
            37.4573513
          ],
          [
            127.0244001,
            37.4576682
          ],
          [
            127.0252967,
            37.4580866
          ],
          [
            127.025824,
            37.4583624
          ],
          [
            127.0262414,
            37.4587139
          ],
          [
            127.0269432,
            37.4598002
          ],
          [
            127.0275144,
            37.4605096
          ],
          [
            127.0276398,
            37.4606653
          ],
          [
            127.0281186,
            37.461286
          ],
          [
            127.0285815,
            37.4619134
          ],
          [
            127.0292828,
            37.462835
          ],
          [
            127.0299928,
            37.4637557
          ],
          [
            127.0302198,
            37.4642055
          ],
          [
            127.0302676,
            37.4644698
          ],
          [
            127.0290637,
            37.4674257
          ],
          [
            127.0290124,
            37.4676244
          ],
          [
            127.0289886,
            37.4678529
          ],
          [
            127.0290728,
            37.4680292
          ],
          [
            127.0293056,
            37.4682338
          ],
          [
            127.0309596,
            37.4703904
          ],
          [
            127.0313842,
            37.4708881
          ],
          [
            127.0324246,
            37.4719086
          ],
          [
            127.0331323,
            37.4725447
          ],
          [
            127.0335331,
            37.4727883
          ],
          [
            127.0339339,
            37.4730116
          ],
          [
            127.0347183,
            37.4732823
          ],
          [
            127.0356222,
            37.4734718
          ],
          [
            127.0376089,
            37.4738778
          ],
          [
            127.0382402,
            37.4742751
          ],
          [
            127.038996,
            37.4745551
          ],
          [
            127.039166,
            37.4746245
          ],
          [
            127.0394654,
            37.4747681
          ],
          [
            127.0399324,
            37.4749831
          ],
          [
            127.0402547,
            37.4753759
          ],
          [
            127.0415453,
            37.4767184
          ],
          [
            127.0417094,
            37.4769816
          ],
          [
            127.0419055,
            37.4772233
          ],
          [
            127.0425784,
            37.4779741
          ],
          [
            127.0429664,
            37.4784311
          ],
          [
            127.0435394,
            37.4791058
          ],
          [
            127.0439526,
            37.4796797
          ],
          [
            127.0440884,
            37.4798264
          ],
          [
            127.044735,
            37.480606
          ],
          [
            127.0452992,
            37.4810065
          ],
          [
            127.0455458,
            37.4811521
          ],
          [
            127.0464238,
            37.4816713
          ],
          [
            127.0478631,
            37.482504
          ],
          [
            127.0497258,
            37.4835835
          ],
          [
            127.0515981,
            37.4846915
          ],
          [
            127.0516967,
            37.4847518
          ],
          [
            127.0519497,
            37.4849066
          ],
          [
            127.0536614,
            37.4859539
          ],
          [
            127.055023,
            37.4867338
          ],
          [
            127.0565044,
            37.4876448
          ],
          [
            127.0567652,
            37.4878147
          ],
          [
            127.0576866,
            37.4883207
          ],
          [
            127.0580131,
            37.4884765
          ],
          [
            127.0588095,
            37.4888073
          ],
          [
            127.0599384,
            37.4890531
          ],
          [
            127.0655686,
            37.4900409
          ]
        ]
      },
      "id": "way/26505520"
    },
    {
      "type": "Feature",
      "properties": {
        "@id": "way/204029918",
        "waterway": "river"
      },
      "geometry": {
        "type": "LineString",
        "coordinates": [
          [
            127.0122062,
            37.5907699
          ],
          [
            127.0126822,
            37.5910135
          ],
          [
            127.0133045,
            37.591192
          ],
          [
            127.0140984,
            37.59126
          ],
          [
            127.0146563,
            37.5912303
          ],
          [
            127.0152196,
            37.5910815
          ],
          [
            127.0159062,
            37.590835
          ],
          [
            127.0165607,
            37.5904439
          ]
        ]
      },
      "id": "way/204029918"
    },
    {
      "type": "Feature",
      "properties": {
        "@id": "way/204029920",
        "name:en": "Seongbukcheon Stream",
        "waterway": "river"
      },
      "geometry": {
        "type": "LineString",
        "coordinates": [
          [
            127.0189102,
            37.5885863
          ],
          [
            127.0196156,
            37.5880188
          ],
          [
            127.0199957,
            37.5877621
          ],
          [
            127.0201428,
            37.5875788
          ],
          [
            127.0203398,
            37.5872792
          ],
          [
            127.0205347,
            37.5869045
          ],
          [
            127.020754,
            37.5863114
          ],
          [
            127.0209977,
            37.5856021
          ],
          [
            127.0214315,
            37.584176
          ],
          [
            127.021887,
            37.5829733
          ],
          [
            127.0227373,
            37.5813621
          ],
          [
            127.0236336,
            37.5798504
          ],
          [
            127.0239205,
            37.579455
          ],
          [
            127.0242639,
            37.5792275
          ],
          [
            127.0246099,
            37.5791446
          ],
          [
            127.0258437,
            37.5789321
          ],
          [
            127.0265541,
            37.5785945
          ],
          [
            127.0273538,
            37.5779011
          ],
          [
            127.0276139,
            37.5775334
          ],
          [
            127.0279149,
            37.5755417
          ],
          [
            127.0280312,
            37.5747885
          ],
          [
            127.0279918,
            37.5746187
          ],
          [
            127.0280719,
            37.5742268
          ],
          [
            127.0280565,
            37.5737006
          ],
          [
            127.0279197,
            37.5724697
          ],
          [
            127.0277933,
            37.5714412
          ],
          [
            127.0276614,
            37.5707024
          ],
          [
            127.0276164,
            37.5704501
          ]
        ]
      },
      "id": "way/204029920"
    },
    {
      "type": "Feature",
      "properties": {
        "@id": "way/204029924",
        "tunnel": "yes",
        "waterway": "river"
      },
      "geometry": {
        "type": "LineString",
        "coordinates": [
          [
            127.0165607,
            37.5904439
          ],
          [
            127.0189102,
            37.5885863
          ]
        ]
      },
      "id": "way/204029924"
    },
    {
      "type": "Feature",
      "properties": {
        "@id": "way/331765550",
        "intermittent": "no",
        "name": "홍제천",
        "name:en": "Hongjecheon Stream",
        "name:ja": "弘済川",
        "name:ko": "홍제천",
        "name:ko-Hani": "弘濟川",
        "name:zh": "弘濟川",
        "name:zh-Hant": "弘濟川",
        "waterway": "river",
        "wikidata": "Q16262333",
        "wikipedia": "ko:홍제천"
      },
      "geometry": {
        "type": "LineString",
        "coordinates": [
          [
            126.9373824,
            37.5821443
          ],
          [
            126.9375249,
            37.5818967
          ],
          [
            126.9376508,
            37.5815673
          ],
          [
            126.9376424,
            37.5812044
          ],
          [
            126.9374072,
            37.5809302
          ],
          [
            126.9371881,
            37.5806667
          ],
          [
            126.9366513,
            37.5802959
          ],
          [
            126.9362198,
            37.5800277
          ],
          [
            126.9357445,
            37.5797603
          ],
          [
            126.9351197,
            37.5795452
          ],
          [
            126.9331645,
            37.5789011
          ],
          [
            126.9322572,
            37.5784909
          ],
          [
            126.9316899,
            37.5782211
          ],
          [
            126.9292145,
            37.5769519
          ],
          [
            126.9273188,
            37.5759848
          ],
          [
            126.925959,
            37.575272
          ],
          [
            126.9217387,
            37.5720335
          ],
          [
            126.9166146,
            37.5678652
          ],
          [
            126.9158803,
            37.5672201
          ],
          [
            126.9150705,
            37.5666895
          ],
          [
            126.9141693,
            37.5663222
          ],
          [
            126.9132476,
            37.5660679
          ],
          [
            126.9093997,
            37.5649925
          ],
          [
            126.9042634,
            37.56362
          ],
          [
            126.9027886,
            37.5631947
          ],
          [
            126.9010106,
            37.5626762
          ],
          [
            126.9002814,
            37.5623794
          ],
          [
            126.8994943,
            37.5620158
          ],
          [
            126.8992373,
            37.5618971
          ],
          [
            126.8987422,
            37.5616487
          ],
          [
            126.8982723,
            37.5615788
          ],
          [
            126.8978402,
            37.5614333
          ],
          [
            126.8964936,
            37.5607682
          ],
          [
            126.895039,
            37.560186
          ],
          [
            126.8930802,
            37.5592469
          ],
          [
            126.8909414,
            37.5577024
          ],
          [
            126.8853331,
            37.5550623
          ]
        ]
      },
      "id": "way/331765550"
    },
    {
      "type": "Feature",
      "properties": {
        "@id": "way/361035206",
        "intermittent": "no",
        "name": "안양천",
        "name:en": "Anyangcheon Stream",
        "name:ja": "安養川",
        "name:ko": "안양천",
        "name:ko-Hani": "安養川",
        "name:zh": "安養川",
        "name:zh-Hans": "安养川",
        "name:zh-Hant": "安養川",
        "waterway": "river",
        "@relations": [
          {
            "role": "",
            "rel": 19282613,
            "reltags": {
              "name": "안양천",
              "name:ja": "安養川",
              "type": "waterway",
              "waterway": "river",
              "wikidata": "Q4778219",
              "wikipedia": "ko:안양천"
            }
          }
        ]
      },
      "geometry": {
        "type": "LineString",
        "coordinates": [
          [
            126.9280109,
            37.4007825
          ],
          [
            126.9238099,
            37.4041521
          ],
          [
            126.9216471,
            37.405496
          ],
          [
            126.9203782,
            37.4065268
          ],
          [
            126.9172734,
            37.4094893
          ],
          [
            126.9164467,
            37.4098177
          ],
          [
            126.9158401,
            37.4098811
          ],
          [
            126.9157162,
            37.409894
          ],
          [
            126.9146492,
            37.4096802
          ],
          [
            126.9130115,
            37.4091638
          ],
          [
            126.9121307,
            37.4088861
          ],
          [
            126.9068823,
            37.4075194
          ],
          [
            126.9033738,
            37.4049538
          ],
          [
            126.8981556,
            37.4034975
          ],
          [
            126.8976832,
            37.4033656
          ],
          [
            126.89677,
            37.4033885
          ],
          [
            126.8960971,
            37.4036557
          ],
          [
            126.8954794,
            37.4040441
          ],
          [
            126.8951429,
            37.4045921
          ],
          [
            126.8944149,
            37.4071834
          ],
          [
            126.8941266,
            37.4076797
          ],
          [
            126.8934441,
            37.4083364
          ],
          [
            126.8918772,
            37.4094283
          ],
          [
            126.8909641,
            37.4102605
          ],
          [
            126.8905603,
            37.4107492
          ],
          [
            126.8906372,
            37.4115738
          ],
          [
            126.8912332,
            37.4129252
          ],
          [
            126.8923386,
            37.4148262
          ],
          [
            126.8950686,
            37.4178266
          ],
          [
            126.8964239,
            37.4196436
          ],
          [
            126.8977985,
            37.4218881
          ],
          [
            126.8983176,
            37.4232393
          ],
          [
            126.8983561,
            37.4242546
          ],
          [
            126.8979427,
            37.4261401
          ],
          [
            126.8975871,
            37.4285065
          ],
          [
            126.8976543,
            37.4297813
          ],
          [
            126.8979812,
            37.4307736
          ],
          [
            126.8999037,
            37.4344145
          ],
          [
            126.9002305,
            37.435735
          ],
          [
            126.9002593,
            37.4375286
          ],
          [
            126.899971,
            37.4391696
          ],
          [
            126.8992116,
            37.4411311
          ],
          [
            126.8984356,
            37.442706
          ],
          [
            126.8941446,
            37.452212
          ],
          [
            126.8913593,
            37.4576099
          ],
          [
            126.8891702,
            37.4606346
          ],
          [
            126.8782208,
            37.4733266
          ],
          [
            126.8754797,
            37.47794
          ],
          [
            126.873099,
            37.4827464
          ],
          [
            126.8712435,
            37.4891081
          ],
          [
            126.8698279,
            37.4957277
          ],
          [
            126.869598,
            37.4968026
          ],
          [
            126.8699831,
            37.4992747
          ],
          [
            126.8731691,
            37.5079957
          ],
          [
            126.8789107,
            37.514994
          ],
          [
            126.8796046,
            37.5165043
          ],
          [
            126.879891,
            37.5178543
          ],
          [
            126.879751,
            37.524685
          ],
          [
            126.8805212,
            37.5261844
          ],
          [
            126.8815365,
            37.5271007
          ],
          [
            126.8850375,
            37.5284056
          ],
          [
            126.8873131,
            37.5297938
          ],
          [
            126.8888186,
            37.5313764
          ],
          [
            126.8897288,
            37.5337363
          ],
          [
            126.8896938,
            37.535291
          ],
          [
            126.8852475,
            37.5437857
          ],
          [
            126.8809413,
            37.5476719
          ],
          [
            126.8794475,
            37.5496268
          ],
          [
            126.8779412,
            37.5517023
          ],
          [
            126.87704,
            37.553269
          ],
          [
            126.8768736,
            37.5543986
          ],
          [
            126.8768143,
            37.5548008
          ],
          [
            126.8785265,
            37.5587787
          ]
        ]
      },
      "id": "way/361035206"
    },
    {
      "type": "Feature",
      "properties": {
        "@id": "way/361039492",
        "layer": "-1",
        "name": "반포천",
        "name:en": "Banpocheon Stream",
        "name:ko-Hani": "蟠浦川",
        "name:zh": "蟠浦川",
        "name:zh-Hant": "蟠浦川",
        "waterway": "river",
        "wikidata": "Q92953823",
        "wikipedia": "ko:반포천"
      },
      "geometry": {
        "type": "LineString",
        "coordinates": [
          [
            127.0019492,
            37.5017811
          ],
          [
            126.9972354,
            37.4998992
          ],
          [
            126.9964143,
            37.4995847
          ],
          [
            126.9949774,
            37.4991017
          ],
          [
            126.9945598,
            37.4990063
          ],
          [
            126.9940997,
            37.4989108
          ],
          [
            126.9938874,
            37.4988883
          ],
          [
            126.9937316,
            37.4988996
          ],
          [
            126.9917284,
            37.4994724
          ],
          [
            126.9914807,
            37.4995004
          ],
          [
            126.9913037,
            37.4994948
          ],
          [
            126.9898739,
            37.4990793
          ],
          [
            126.988529,
            37.4986918
          ],
          [
            126.9881822,
            37.4985907
          ],
          [
            126.9879698,
            37.4985402
          ],
          [
            126.9877064,
            37.4985217
          ],
          [
            126.9874909,
            37.4985185
          ],
          [
            126.986922,
            37.4986133
          ],
          [
            126.9867598,
            37.498658
          ],
          [
            126.9866216,
            37.4987399
          ],
          [
            126.9864902,
            37.4988165
          ],
          [
            126.9863896,
            37.4988846
          ],
          [
            126.986289,
            37.4989453
          ],
          [
            126.9861563,
            37.4990368
          ],
          [
            126.9859229,
            37.4992315
          ],
          [
            126.985542,
            37.499589
          ],
          [
            126.985247,
            37.4998005
          ],
          [
            126.9850929,
            37.4999472
          ],
          [
            126.984794,
            37.5002093
          ],
          [
            126.9846236,
            37.5003538
          ],
          [
            126.9843018,
            37.5006183
          ],
          [
            126.9837259,
            37.500993
          ],
          [
            126.9827654,
            37.5015475
          ],
          [
            126.9820691,
            37.5018108
          ],
          [
            126.9817398,
            37.5019636
          ],
          [
            126.9807498,
            37.5023341
          ],
          [
            126.9803552,
            37.502498
          ],
          [
            126.9802606,
            37.5025517
          ],
          [
            126.9802162,
            37.5025934
          ],
          [
            126.9800983,
            37.5027444
          ],
          [
            126.9797469,
            37.5032519
          ],
          [
            126.9794328,
            37.5037447
          ],
          [
            126.9790055,
            37.504613
          ],
          [
            126.9788328,
            37.504939
          ],
          [
            126.978277,
            37.5055966
          ],
          [
            126.9779757,
            37.5063478
          ],
          [
            126.9778718,
            37.5086749
          ],
          [
            126.9777488,
            37.511428
          ]
        ]
      },
      "id": "way/361039492"
    },
    {
      "type": "Feature",
      "properties": {
        "@id": "way/368276771",
        "name": "청계천",
        "name:el": "Τσόνγκιετσον",
        "name:en": "Cheonggyecheon Stream",
        "name:ja": "清渓川",
        "name:ko": "청계천",
        "name:ko-Hani": "淸溪川",
        "name:zh": "清溪川",
        "name:zh-Hant": "清溪川",
        "waterway": "river",
        "wikidata": "Q495437",
        "wikipedia": "ko:청계천"
      },
      "geometry": {
        "type": "LineString",
        "coordinates": [
          [
            126.9785975,
            37.5691438
          ],
          [
            126.9786757,
            37.5691449
          ],
          [
            126.9794597,
            37.5691067
          ],
          [
            126.9801836,
            37.5690719
          ],
          [
            126.982453,
            37.5688944
          ],
          [
            126.9834423,
            37.568811
          ],
          [
            126.9852214,
            37.5684594
          ],
          [
            126.9866673,
            37.5681104
          ],
          [
            126.987812,
            37.5680958
          ],
          [
            126.988469,
            37.5680902
          ],
          [
            126.9886992,
            37.5680829
          ],
          [
            126.9901819,
            37.5681529
          ],
          [
            126.9909605,
            37.5682116
          ],
          [
            126.9919388,
            37.5682853
          ],
          [
            126.9925302,
            37.5683299
          ],
          [
            126.9930783,
            37.5683708
          ],
          [
            126.9949392,
            37.5685097
          ],
          [
            126.995596,
            37.5685645
          ],
          [
            126.9967778,
            37.5686863
          ],
          [
            126.9977791,
            37.5688006
          ],
          [
            126.9980552,
            37.5688467
          ],
          [
            127.0000376,
            37.5692406
          ],
          [
            127.0015341,
            37.5695268
          ],
          [
            127.0017919,
            37.5695761
          ],
          [
            127.0022487,
            37.5695905
          ],
          [
            127.0025823,
            37.5695922
          ],
          [
            127.003151,
            37.5695969
          ],
          [
            127.00445,
            37.5696019
          ],
          [
            127.0062675,
            37.5696422
          ],
          [
            127.0064916,
            37.5696472
          ],
          [
            127.008417,
            37.5697478
          ],
          [
            127.0092589,
            37.5697918
          ],
          [
            127.0093071,
            37.5697923
          ]
        ]
      },
      "id": "way/368276771"
    },
    {
      "type": "Feature",
      "properties": {
        "@id": "way/378066781",
        "name": "한강",
        "name:de": "Han-Fluss",
        "name:el": "Ποταμός Χάνγκανγκ",
        "name:en": "Hangang River",
        "name:fr": "Han",
        "name:ja": "漢江",
        "name:ko": "한강",
        "name:ko-Hani": "漢江",
        "name:ko-Latn": "Hangang",
        "name:ru": "Ханган",
        "name:zh": "漢江",
        "name:zh-Hans": "汉江",
        "name:zh-Hant": "漢江",
        "waterway": "river",
        "wikidata": "Q55500",
        "wikipedia": "ko:한강",
        "wikipedia:en": "Han River (Korea)",
        "@relations": [
          {
            "role": "main_stream",
            "rel": 5488151,
            "reltags": {
              "name": "한강",
              "name:de": "Han-Fluss",
              "name:en": "Han River",
              "name:ja": "漢江",
              "name:ko": "한강",
              "name:ko-Hani": "漢江",
              "name:ko-Latn": "Hangang",
              "name:ru": "Ханган",
              "name:zh": "漢江",
              "name:zh-Hans": "汉江",
              "name:zh-Hant": "漢江",
              "type": "waterway",
              "waterway": "river",
              "wikidata": "Q55500"
            }
          }
        ]
      },
      "geometry": {
        "type": "LineString",
        "coordinates": [
          [
            127.3105144,
            37.5248733
          ],
          [
            127.3077249,
            37.5193933
          ],
          [
            127.3056221,
            37.5154448
          ],
          [
            127.3037123,
            37.5120067
          ],
          [
            127.3022532,
            37.5104408
          ],
          [
            127.2978974,
            37.5100322
          ],
          [
            127.2928118,
            37.509862
          ],
          [
            127.2904414,
            37.5106621
          ],
          [
            127.2872838,
            37.5152236
          ],
          [
            127.2856466,
            37.5196759
          ],
          [
            127.2846687,
            37.5222184
          ],
          [
            127.2839498,
            37.523682
          ],
          [
            127.2830164,
            37.5247967
          ],
          [
            127.2807205,
            37.526022
          ],
          [
            127.279551,
            37.5264474
          ],
          [
            127.278969,
            37.5266686
          ],
          [
            127.2771799,
            37.5273323
          ],
          [
            127.2717667,
            37.5295344
          ],
          [
            127.2646594,
            37.5325479
          ],
          [
            127.2594345,
            37.5356022
          ],
          [
            127.2505939,
            37.5404174
          ],
          [
            127.2446422,
            37.5425425
          ],
          [
            127.2431532,
            37.5432378
          ],
          [
            127.2404122,
            37.5445178
          ],
          [
            127.2367328,
            37.5465203
          ],
          [
            127.2352731,
            37.5475461
          ],
          [
            127.2342114,
            37.5488152
          ],
          [
            127.2328222,
            37.5506953
          ],
          [
            127.2285917,
            37.5570386
          ],
          [
            127.2254777,
            37.5630685
          ],
          [
            127.2235465,
            37.5657559
          ],
          [
            127.2221886,
            37.5671097
          ],
          [
            127.2213363,
            37.5677119
          ],
          [
            127.2192714,
            37.5693657
          ],
          [
            127.2168787,
            37.5712819
          ],
          [
            127.216827,
            37.5713233
          ],
          [
            127.2142838,
            37.5733601
          ],
          [
            127.2082734,
            37.5782593
          ],
          [
            127.2005439,
            37.584616
          ],
          [
            127.1985054,
            37.5859083
          ],
          [
            127.1947288,
            37.5868605
          ],
          [
            127.1911668,
            37.5870986
          ],
          [
            127.1838712,
            37.5864865
          ],
          [
            127.1782064,
            37.5847861
          ],
          [
            127.1629052,
            37.5785394
          ],
          [
            127.153602,
            37.5742719
          ],
          [
            127.1533773,
            37.5741688
          ],
          [
            127.1516021,
            37.5733544
          ],
          [
            127.1494573,
            37.5727808
          ],
          [
            127.1436329,
            37.57164
          ],
          [
            127.1354071,
            37.5696339
          ],
          [
            127.1327591,
            37.5687324
          ],
          [
            127.1303773,
            37.5677289
          ],
          [
            127.126419,
            37.5656603
          ],
          [
            127.1214294,
            37.5609254
          ],
          [
            127.1204209,
            37.5598538
          ],
          [
            127.1196055,
            37.558646
          ],
          [
            127.1163654,
            37.5504807
          ],
          [
            127.1130603,
            37.5438173
          ],
          [
            127.1124601,
            37.542842
          ],
          [
            127.111516,
            37.5418041
          ],
          [
            127.0975954,
            37.5281932
          ],
          [
            127.0955575,
            37.5268182
          ],
          [
            127.0907783,
            37.5244629
          ],
          [
            127.0902314,
            37.5241933
          ],
          [
            127.0893881,
            37.5238232
          ],
          [
            127.0796926,
            37.5231409
          ],
          [
            127.0674334,
            37.5243271
          ],
          [
            127.0660166,
            37.5248623
          ],
          [
            127.0539646,
            37.5312405
          ],
          [
            127.0299812,
            37.5379937
          ],
          [
            127.0276787,
            37.5382369
          ],
          [
            127.0251596,
            37.5380099
          ],
          [
            127.0229778,
            37.5374938
          ],
          [
            127.0215825,
            37.5366475
          ],
          [
            127.0202994,
            37.5356618
          ],
          [
            127.0120173,
            37.5267878
          ],
          [
            127.0046567,
            37.5206528
          ],
          [
            126.9990311,
            37.5170669
          ],
          [
            126.9906663,
            37.5128577
          ],
          [
            126.9872331,
            37.5119046
          ],
          [
            126.9818687,
            37.5112918
          ],
          [
            126.9777488,
            37.511428
          ],
          [
            126.9727706,
            37.5119386
          ],
          [
            126.967299,
            37.5132322
          ],
          [
            126.9606197,
            37.5156003
          ],
          [
            126.9548473,
            37.5176637
          ],
          [
            126.9534802,
            37.5183552
          ],
          [
            126.9504547,
            37.520491
          ],
          [
            126.9482185,
            37.5223411
          ],
          [
            126.9363614,
            37.533944
          ],
          [
            126.935091,
            37.5347089
          ],
          [
            126.9237613,
            37.5376696
          ],
          [
            126.9227958,
            37.5378227
          ],
          [
            126.9115841,
            37.5391839
          ],
          [
            126.9112301,
            37.5392775
          ],
          [
            126.9108482,
            37.5395079
          ],
          [
            126.9090633,
            37.540611
          ],
          [
            126.8918307,
            37.55126
          ],
          [
            126.8853331,
            37.5550623
          ],
          [
            126.8785265,
            37.5587787
          ],
          [
            126.8530937,
            37.5733698
          ],
          [
            126.8248714,
            37.5890935
          ],
          [
            126.8163071,
            37.5940328
          ],
          [
            126.810919,
            37.598792
          ],
          [
            126.8083409,
            37.6011195
          ],
          [
            126.8071291,
            37.602438
          ],
          [
            126.8035278,
            37.6054007
          ],
          [
            126.7948866,
            37.6123107
          ],
          [
            126.7887497,
            37.6155402
          ],
          [
            126.7868721,
            37.6163901
          ],
          [
            126.7854951,
            37.6170214
          ],
          [
            126.7823338,
            37.6183617
          ],
          [
            126.7771625,
            37.6202483
          ],
          [
            126.7699098,
            37.6231376
          ],
          [
            126.7645025,
            37.625177
          ],
          [
            126.7589235,
            37.6275223
          ],
          [
            126.7516279,
            37.6313289
          ],
          [
            126.7480316,
            37.6332869
          ],
          [
            126.7461347,
            37.6343197
          ],
          [
            126.7410278,
            37.6370385
          ],
          [
            126.733303,
            37.6408447
          ],
          [
            126.7260932,
            37.6443788
          ],
          [
            126.721673,
            37.6465705
          ],
          [
            126.7183685,
            37.6484904
          ],
          [
            126.7166519,
            37.6494928
          ],
          [
            126.7150426,
            37.6508179
          ],
          [
            126.713283,
            37.6523809
          ],
          [
            126.7112875,
            37.6540967
          ],
          [
            126.7095923,
            37.6554728
          ],
          [
            126.707983,
            37.6564581
          ],
          [
            126.7058158,
            37.657987
          ],
          [
            126.7041635,
            37.65921
          ],
          [
            126.7027902,
            37.6599405
          ],
          [
            126.6996574,
            37.6615203
          ],
          [
            126.6962671,
            37.6634057
          ],
          [
            126.6815042,
            37.6701829
          ],
          [
            126.6779381,
            37.6726799
          ],
          [
            126.6775989,
            37.6729174
          ],
          [
            126.6739297,
            37.6757707
          ],
          [
            126.6724705,
            37.6771463
          ],
          [
            126.6711831,
            37.678403
          ],
          [
            126.6700673,
            37.6796428
          ],
          [
            126.6678357,
            37.6829203
          ],
          [
            126.6667843,
            37.6852977
          ],
          [
            126.6664409,
            37.6871487
          ],
          [
            126.6662693,
            37.6888807
          ],
          [
            126.6663237,
            37.6897167
          ],
          [
            126.6663766,
            37.6905277
          ],
          [
            126.666913,
            37.6928879
          ],
          [
            126.6673422,
            37.6958253
          ],
          [
            126.66765,
            37.7005648
          ],
          [
            126.6677099,
            37.7014863
          ],
          [
            126.6684579,
            37.7042293
          ],
          [
            126.6700458,
            37.7093562
          ],
          [
            126.6718912,
            37.7137697
          ],
          [
            126.6734346,
            37.7172243
          ],
          [
            126.6757965,
            37.7221208
          ],
          [
            126.6777706,
            37.7255831
          ],
          [
            126.6787576,
            37.7294866
          ],
          [
            126.6786718,
            37.7324734
          ],
          [
            126.678586,
            37.7351208
          ],
          [
            126.6778993,
            37.7407545
          ],
          [
            126.676526,
            37.7478809
          ],
          [
            126.6748094,
            37.7564996
          ],
          [
            126.6742515,
            37.7580433
          ],
          [
            126.6738224,
            37.7591461
          ],
          [
            126.6727924,
            37.7608255
          ],
          [
            126.6693592,
            37.7651172
          ],
          [
            126.6686296,
            37.7662707
          ],
          [
            126.6650033,
            37.770613
          ],
          [
            126.6639733,
            37.7719699
          ],
          [
            126.6615915,
            37.7743784
          ],
          [
            126.6521667,
            37.7809602
          ]
        ]
      },
      "id": "way/378066781"
    },
    {
      "type": "Feature",
      "properties": {
        "@id": "way/416291900",
        "name": "성북천",
        "name:en": "Seongbukcheon River",
        "waterway": "river"
      },
      "geometry": {
        "type": "LineString",
        "coordinates": [
          [
            127.0068281,
            37.5880994
          ],
          [
            127.007104,
            37.5879559
          ],
          [
            127.007291,
            37.5878575
          ],
          [
            127.0076074,
            37.5877413
          ],
          [
            127.0077895,
            37.5877195
          ],
          [
            127.0079693,
            37.5877285
          ],
          [
            127.008124,
            37.5877655
          ],
          [
            127.0082862,
            37.5878469
          ],
          [
            127.0088432,
            37.5881865
          ],
          [
            127.0096557,
            37.5887397
          ],
          [
            127.0102909,
            37.5891523
          ],
          [
            127.0109166,
            37.5896371
          ],
          [
            127.0113533,
            37.5900589
          ],
          [
            127.0117782,
            37.5905159
          ],
          [
            127.0120584,
            37.5906936
          ],
          [
            127.0122062,
            37.5907699
          ]
        ]
      },
      "id": "way/416291900"
    },
    {
      "type": "Feature",
      "properties": {
        "@id": "way/461454926",
        "name": "창릉천",
        "name:ko-Hani": "昌陵川",
        "name:zh": "昌陵川",
        "name:zh-Hant": "昌陵川",
        "waterway": "river"
      },
      "geometry": {
        "type": "LineString",
        "coordinates": [
          [
            126.9472795,
            37.6588719
          ],
          [
            126.9468736,
            37.6589322
          ],
          [
            126.9461504,
            37.6588043
          ],
          [
            126.9453801,
            37.6585196
          ],
          [
            126.9445701,
            37.6582993
          ],
          [
            126.9438285,
            37.6581044
          ],
          [
            126.9432233,
            37.6580314
          ],
          [
            126.9423856,
            37.657848
          ],
          [
            126.9422895,
            37.6578116
          ],
          [
            126.9420092,
            37.6577056
          ],
          [
            126.9415194,
            37.6574782
          ],
          [
            126.9412732,
            37.6573632
          ],
          [
            126.9403125,
            37.6567805
          ],
          [
            126.9397168,
            37.6562963
          ],
          [
            126.9394305,
            37.6559443
          ],
          [
            126.9389024,
            37.655246
          ],
          [
            126.9384976,
            37.6546678
          ],
          [
            126.938172,
            37.6542096
          ],
          [
            126.9376271,
            37.6533645
          ],
          [
            126.9371664,
            37.6525194
          ],
          [
            126.9367169,
            37.6519189
          ],
          [
            126.9362113,
            37.6513006
          ],
          [
            126.9360116,
            37.6510046
          ],
          [
            126.9357606,
            37.6508561
          ],
          [
            126.9347676,
            37.6506259
          ],
          [
            126.9343987,
            37.6505387
          ],
          [
            126.9332907,
            37.6504777
          ],
          [
            126.9315119,
            37.6506611
          ],
          [
            126.9309621,
            37.6506327
          ],
          [
            126.930218,
            37.6505274
          ],
          [
            126.9293235,
            37.6504555
          ],
          [
            126.9286125,
            37.6501967
          ],
          [
            126.9278749,
            37.6497587
          ],
          [
            126.9272602,
            37.6493369
          ],
          [
            126.9263815,
            37.6484397
          ],
          [
            126.9258018,
            37.6476868
          ],
          [
            126.9255908,
            37.647496
          ],
          [
            126.9249089,
            37.6469847
          ],
          [
            126.9229576,
            37.6459464
          ],
          [
            126.9218922,
            37.6457355
          ],
          [
            126.919536,
            37.645501
          ],
          [
            126.9175537,
            37.6452984
          ],
          [
            126.9163647,
            37.6452402
          ],
          [
            126.9152948,
            37.6450541
          ],
          [
            126.9144542,
            37.6450249
          ],
          [
            126.9141506,
            37.6450692
          ],
          [
            126.9139089,
            37.645228
          ],
          [
            126.9130546,
            37.6458288
          ],
          [
            126.9108417,
            37.6476828
          ],
          [
            126.9098049,
            37.6481396
          ],
          [
            126.9084195,
            37.6484944
          ],
          [
            126.9078673,
            37.6487562
          ],
          [
            126.907541,
            37.6488398
          ],
          [
            126.9069772,
            37.6488807
          ],
          [
            126.9058611,
            37.6491042
          ],
          [
            126.9052044,
            37.6493157
          ],
          [
            126.9048539,
            37.6494958
          ],
          [
            126.9024989,
            37.6502292
          ],
          [
            126.9020671,
            37.6502026
          ],
          [
            126.901303,
            37.65045
          ],
          [
            126.9002151,
            37.6507482
          ],
          [
            126.8991129,
            37.6510898
          ],
          [
            126.8979199,
            37.6513653
          ],
          [
            126.8971842,
            37.6514719
          ],
          [
            126.896929,
            37.6515089
          ],
          [
            126.8963154,
            37.6514165
          ],
          [
            126.8961813,
            37.651396
          ],
          [
            126.896083,
            37.6513829
          ],
          [
            126.8954618,
            37.6512998
          ],
          [
            126.8949764,
            37.6511222
          ],
          [
            126.8938637,
            37.6507645
          ],
          [
            126.8931857,
            37.6505113
          ],
          [
            126.8930414,
            37.6503144
          ],
          [
            126.8918656,
            37.6499163
          ],
          [
            126.8915575,
            37.6498986
          ],
          [
            126.8912881,
            37.6498832
          ],
          [
            126.8882783,
            37.64864
          ],
          [
            126.8878224,
            37.6484147
          ],
          [
            126.8859254,
            37.6478783
          ],
          [
            126.8855378,
            37.6477524
          ],
          [
            126.8844794,
            37.6470483
          ],
          [
            126.8840939,
            37.6467537
          ],
          [
            126.8832,
            37.6461816
          ],
          [
            126.8826359,
            37.6458328
          ],
          [
            126.8825016,
            37.6457326
          ],
          [
            126.8822518,
            37.6455544
          ],
          [
            126.881695,
            37.6453032
          ],
          [
            126.881118,
            37.6450789
          ],
          [
            126.8806218,
            37.6446332
          ],
          [
            126.8800181,
            37.6442631
          ],
          [
            126.8797366,
            37.6441042
          ],
          [
            126.8796095,
            37.6440124
          ],
          [
            126.8790321,
            37.6435626
          ],
          [
            126.8787481,
            37.6432989
          ],
          [
            126.8785264,
            37.6430312
          ],
          [
            126.8779216,
            37.6421748
          ],
          [
            126.8774685,
            37.6417603
          ],
          [
            126.8768398,
            37.6412499
          ],
          [
            126.8765712,
            37.6402357
          ],
          [
            126.8761205,
            37.6380941
          ],
          [
            126.8756287,
            37.6362931
          ],
          [
            126.8751165,
            37.6346868
          ],
          [
            126.8749056,
            37.6340137
          ],
          [
            126.8747881,
            37.6336546
          ]
        ]
      },
      "id": "way/461454926"
    },
    {
      "type": "Feature",
      "properties": {
        "@id": "way/679238995",
        "alt_name": "방배천",
        "layer": "-1",
        "name": "사당천",
        "tunnel": "culvert",
        "waterway": "river"
      },
      "geometry": {
        "type": "LineString",
        "coordinates": [
          [
            126.9859683,
            37.4689394
          ],
          [
            126.9856122,
            37.4692119
          ],
          [
            126.9851211,
            37.4696049
          ],
          [
            126.984695,
            37.4700558
          ],
          [
            126.9843176,
            37.470539
          ],
          [
            126.9837413,
            37.471254
          ],
          [
            126.9833761,
            37.4717082
          ],
          [
            126.9833586,
            37.4717405
          ],
          [
            126.9830972,
            37.4722213
          ],
          [
            126.9831802,
            37.4727657
          ],
          [
            126.983291,
            37.4730342
          ],
          [
            126.9833094,
            37.4732343
          ],
          [
            126.9831218,
            37.473659
          ],
          [
            126.9830849,
            37.4737494
          ],
          [
            126.982957,
            37.473973
          ],
          [
            126.9830427,
            37.4756474
          ],
          [
            126.9830374,
            37.4759747
          ],
          [
            126.9827643,
            37.4768628
          ],
          [
            126.9826625,
            37.4776405
          ],
          [
            126.9825983,
            37.4780995
          ],
          [
            126.9824644,
            37.4784947
          ],
          [
            126.982368,
            37.4789069
          ],
          [
            126.982368,
            37.4792809
          ],
          [
            126.9826183,
            37.4838966
          ],
          [
            126.9826679,
            37.4841378
          ],
          [
            126.9831338,
            37.4847542
          ],
          [
            126.9832141,
            37.4849199
          ],
          [
            126.9836318,
            37.4862541
          ],
          [
            126.9837228,
            37.4864029
          ],
          [
            126.9840709,
            37.4866408
          ],
          [
            126.9844564,
            37.4869127
          ],
          [
            126.9848099,
            37.4872357
          ],
          [
            126.9853239,
            37.4877541
          ],
          [
            126.9857416,
            37.4882342
          ],
          [
            126.9861915,
            37.4888418
          ],
          [
            126.9864533,
            37.489276
          ],
          [
            126.9864913,
            37.489339
          ],
          [
            126.9865877,
            37.4895599
          ],
          [
            126.9865909,
            37.4895846
          ],
          [
            126.9865997,
            37.489651
          ],
          [
            126.98658,
            37.4898296
          ],
          [
            126.9865931,
            37.4900146
          ],
          [
            126.9867698,
            37.4912977
          ],
          [
            126.986834,
            37.4915272
          ],
          [
            126.9863842,
            37.4935411
          ],
          [
            126.9856185,
            37.496222
          ],
          [
            126.9849313,
            37.4987132
          ],
          [
            126.9849556,
            37.4989031
          ],
          [
            126.9850449,
            37.4992927
          ],
          [
            126.9851099,
            37.499531
          ],
          [
            126.985247,
            37.4998005
          ]
        ]
      },
      "id": "way/679238995"
    },
    {
      "type": "Feature",
      "properties": {
        "@id": "way/679238996",
        "name": "사당천",
        "waterway": "river"
      },
      "geometry": {
        "type": "LineString",
        "coordinates": [
          [
            126.9873193,
            37.4678315
          ],
          [
            126.9873077,
            37.467963
          ],
          [
            126.9872588,
            37.4680961
          ],
          [
            126.9870133,
            37.468502
          ],
          [
            126.9868115,
            37.4686421
          ],
          [
            126.986411,
            37.4688199
          ],
          [
            126.9862448,
            37.4688774
          ],
          [
            126.9859683,
            37.4689394
          ]
        ]
      },
      "id": "way/679238996"
    },
    {
      "type": "Feature",
      "properties": {
        "@id": "way/768407483",
        "name": "탄천",
        "name:en": "Tancheon Stream",
        "name:ja": "炭川",
        "name:ko": "탄천",
        "name:ko-Hani": "炭川",
        "name:zh": "炭川",
        "name:zh-Hant": "炭川",
        "waterway": "river",
        "wikidata": "Q625041",
        "wikipedia": "Tancheon",
        "@relations": [
          {
            "role": "",
            "rel": 19279176,
            "reltags": {
              "name": "탄천",
              "name:en": "Tancheon Stream",
              "name:ja": "炭川",
              "type": "waterway",
              "waterway": "river",
              "wikidata": "Q625041"
            }
          }
        ]
      },
      "geometry": {
        "type": "LineString",
        "coordinates": [
          [
            127.1082339,
            37.321548
          ],
          [
            127.1088762,
            37.3221443
          ],
          [
            127.109223,
            37.3225777
          ],
          [
            127.1098298,
            37.3230389
          ],
          [
            127.1104789,
            37.3240379
          ],
          [
            127.1112448,
            37.3245207
          ],
          [
            127.111483,
            37.3253377
          ],
          [
            127.1113475,
            37.3254417
          ],
          [
            127.1112308,
            37.3261807
          ],
          [
            127.1114082,
            37.3263626
          ],
          [
            127.1110627,
            37.3272873
          ],
          [
            127.1111701,
            37.3281191
          ],
          [
            127.1117678,
            37.3292443
          ],
          [
            127.1127065,
            37.3307445
          ],
          [
            127.1131548,
            37.331398
          ],
          [
            127.113238,
            37.3315684
          ],
          [
            127.113365,
            37.3321036
          ],
          [
            127.1133323,
            37.3327868
          ],
          [
            127.1130427,
            37.3338376
          ],
          [
            127.1126505,
            37.3356868
          ],
          [
            127.1123189,
            37.3370532
          ],
          [
            127.1123282,
            37.3380111
          ],
          [
            127.1127485,
            37.339281
          ],
          [
            127.1141122,
            37.3403577
          ],
          [
            127.1153637,
            37.3409666
          ],
          [
            127.1158961,
            37.341104
          ],
          [
            127.1164425,
            37.3410891
          ],
          [
            127.1172131,
            37.3413602
          ],
          [
            127.1174554,
            37.3414136
          ],
          [
            127.1180723,
            37.3415495
          ],
          [
            127.1184786,
            37.3416275
          ],
          [
            127.1193146,
            37.342125
          ],
          [
            127.1201738,
            37.3430681
          ],
          [
            127.1205661,
            37.344412
          ],
          [
            127.1206455,
            37.3453328
          ],
          [
            127.1210378,
            37.3462127
          ],
          [
            127.1211265,
            37.3470406
          ],
          [
            127.1212012,
            37.3483102
          ],
          [
            127.1210985,
            37.3491678
          ],
          [
            127.1210284,
            37.350831
          ],
          [
            127.1211312,
            37.3514324
          ],
          [
            127.1204307,
            37.3522602
          ],
          [
            127.1179743,
            37.3532217
          ],
          [
            127.1155739,
            37.3545915
          ],
          [
            127.112926,
            37.3563436
          ],
          [
            127.1107685,
            37.3573384
          ],
          [
            127.1089191,
            37.3586747
          ],
          [
            127.108695,
            37.3602003
          ],
          [
            127.1088538,
            37.3629137
          ],
          [
            127.1088771,
            37.3646322
          ],
          [
            127.1088773,
            37.3663167
          ],
          [
            127.1089781,
            37.3680897
          ],
          [
            127.1090468,
            37.3699126
          ],
          [
            127.1088442,
            37.3709496
          ],
          [
            127.108779,
            37.3715646
          ],
          [
            127.1087981,
            37.3722249
          ],
          [
            127.1089369,
            37.3736545
          ],
          [
            127.1089378,
            37.3753926
          ],
          [
            127.1091813,
            37.3767823
          ],
          [
            127.1093865,
            37.3773945
          ],
          [
            127.1115983,
            37.3794025
          ],
          [
            127.1134831,
            37.3808078
          ],
          [
            127.1151599,
            37.3821522
          ],
          [
            127.1154763,
            37.3824172
          ],
          [
            127.1164079,
            37.3843177
          ],
          [
            127.1165324,
            37.384793
          ],
          [
            127.1166055,
            37.3850719
          ],
          [
            127.1169337,
            37.385605
          ],
          [
            127.1170358,
            37.3857302
          ],
          [
            127.1179136,
            37.3868061
          ],
          [
            127.1194033,
            37.3883089
          ],
          [
            127.1208416,
            37.3898673
          ],
          [
            127.1229758,
            37.3923198
          ],
          [
            127.124615,
            37.3941341
          ],
          [
            127.1246804,
            37.3961116
          ],
          [
            127.1246664,
            37.3975697
          ],
          [
            127.1247925,
            37.3992355
          ],
          [
            127.1248578,
            37.3994766
          ],
          [
            127.1246991,
            37.4000888
          ],
          [
            127.1246664,
            37.40286
          ],
          [
            127.1247177,
            37.4070445
          ],
          [
            127.1242934,
            37.4081224
          ],
          [
            127.1232007,
            37.4108981
          ],
          [
            127.1221034,
            37.4125261
          ],
          [
            127.1190968,
            37.4169867
          ],
          [
            127.1176672,
            37.4211662
          ],
          [
            127.1176273,
            37.4216901
          ],
          [
            127.1176487,
            37.4224891
          ],
          [
            127.1176701,
            37.423662
          ],
          [
            127.1174946,
            37.4255216
          ],
          [
            127.1171372,
            37.4284968
          ],
          [
            127.117348,
            37.4292587
          ],
          [
            127.1179059,
            37.431275
          ],
          [
            127.1179244,
            37.4335405
          ],
          [
            127.1185961,
            37.4358549
          ],
          [
            127.1193602,
            37.4386144
          ],
          [
            127.1180476,
            37.4421176
          ],
          [
            127.1177765,
            37.4425823
          ],
          [
            127.117604,
            37.444691
          ],
          [
            127.1177827,
            37.4471371
          ],
          [
            127.11753,
            37.4499011
          ],
          [
            127.1176373,
            37.454543
          ],
          [
            127.1173675,
            37.4556989
          ],
          [
            127.117503,
            37.457949
          ],
          [
            127.1180083,
            37.4596121
          ],
          [
            127.1199925,
            37.4635153
          ],
          [
            127.1207201,
            37.4644483
          ],
          [
            127.122495,
            37.4664183
          ],
          [
            127.1228128,
            37.4670123
          ],
          [
            127.1230007,
            37.4678076
          ],
          [
            127.1226466,
            37.4687997
          ],
          [
            127.1214887,
            37.4704394
          ],
          [
            127.1203721,
            37.4718183
          ],
          [
            127.1194818,
            37.4729448
          ],
          [
            127.1192172,
            37.4732686
          ],
          [
            127.1190295,
            37.4734898
          ],
          [
            127.1187843,
            37.4738703
          ],
          [
            127.1185917,
            37.4755393
          ],
          [
            127.118082,
            37.4762055
          ],
          [
            127.1176153,
            37.4766972
          ],
          [
            127.1167222,
            37.4773326
          ],
          [
            127.1163453,
            37.4775912
          ],
          [
            127.1159575,
            37.4780104
          ],
          [
            127.1156924,
            37.4789746
          ],
          [
            127.1150377,
            37.4799262
          ],
          [
            127.1141553,
            37.4807805
          ],
          [
            127.1133825,
            37.4810751
          ],
          [
            127.1131253,
            37.4816737
          ],
          [
            127.112512,
            37.4826335
          ],
          [
            127.1123657,
            37.4832028
          ],
          [
            127.1122381,
            37.4840391
          ],
          [
            127.1121213,
            37.4842822
          ],
          [
            127.1119746,
            37.4844895
          ],
          [
            127.1118263,
            37.4846464
          ],
          [
            127.1116362,
            37.4848676
          ],
          [
            127.1110954,
            37.4855177
          ],
          [
            127.1092589,
            37.4878119
          ],
          [
            127.1078782,
            37.4892284
          ],
          [
            127.1069378,
            37.4907227
          ],
          [
            127.1063409,
            37.491423
          ],
          [
            127.1053658,
            37.4920645
          ],
          [
            127.103468,
            37.4928042
          ],
          [
            127.1025281,
            37.4932057
          ],
          [
            127.1006594,
            37.4941713
          ],
          [
            127.0999664,
            37.4947328
          ],
          [
            127.0992234,
            37.4952372
          ],
          [
            127.0981157,
            37.4956394
          ],
          [
            127.0970638,
            37.4960615
          ],
          [
            127.0953476,
            37.4965672
          ],
          [
            127.0931859,
            37.4972997
          ],
          [
            127.0914718,
            37.4977845
          ],
          [
            127.0903212,
            37.4975078
          ],
          [
            127.0882907,
            37.4982994
          ],
          [
            127.0873144,
            37.498742
          ],
          [
            127.0862884,
            37.4991337
          ],
          [
            127.0851177,
            37.4998358
          ],
          [
            127.0823322,
            37.5004816
          ],
          [
            127.0809174,
            37.500887
          ],
          [
            127.0794491,
            37.5012181
          ],
          [
            127.07823,
            37.5014221
          ],
          [
            127.0776531,
            37.5014977
          ],
          [
            127.0769705,
            37.5015873
          ],
          [
            127.0750755,
            37.5016148
          ],
          [
            127.0741823,
            37.501619
          ],
          [
            127.0732917,
            37.5017443
          ],
          [
            127.07286,
            37.5018786
          ],
          [
            127.0726481,
            37.5021999
          ],
          [
            127.0720197,
            37.5024787
          ],
          [
            127.0708158,
            37.5031336
          ],
          [
            127.0704997,
            37.5033958
          ],
          [
            127.0702213,
            37.5036751
          ],
          [
            127.0699337,
            37.504049
          ],
          [
            127.0696145,
            37.5047789
          ],
          [
            127.0693221,
            37.5059347
          ],
          [
            127.068978,
            37.5083283
          ],
          [
            127.0686753,
            37.5102901
          ],
          [
            127.0682239,
            37.513264
          ],
          [
            127.0672335,
            37.5194811
          ],
          [
            127.0671425,
            37.5204265
          ],
          [
            127.0674334,
            37.5243271
          ]
        ]
      },
      "id": "way/768407483"
    },
    {
      "type": "Feature",
      "properties": {
        "@id": "way/769631455",
        "name": "청계천",
        "name:el": "Τσόνγκιετσον",
        "name:en": "Cheonggyecheon (Stream)",
        "name:ja": "清渓川",
        "name:ko": "청계천",
        "name:ko-Hani": "淸溪川",
        "name:zh": "清溪川",
        "name:zh-Hant": "清溪川",
        "waterway": "river",
        "wikidata": "Q495437",
        "wikipedia": "ko:청계천"
      },
      "geometry": {
        "type": "LineString",
        "coordinates": [
          [
            127.0093071,
            37.5697923
          ],
          [
            127.0100308,
            37.5697682
          ],
          [
            127.0105226,
            37.5697636
          ],
          [
            127.0123521,
            37.5697464
          ],
          [
            127.0149692,
            37.5697417
          ],
          [
            127.0153425,
            37.569741
          ],
          [
            127.0155904,
            37.5697406
          ],
          [
            127.0156491,
            37.5697458
          ],
          [
            127.0160978,
            37.5697854
          ],
          [
            127.0167624,
            37.5699516
          ],
          [
            127.0175041,
            37.5702226
          ],
          [
            127.0188358,
            37.5709441
          ],
          [
            127.0191272,
            37.5710854
          ],
          [
            127.0203224,
            37.571584
          ],
          [
            127.0211015,
            37.571815
          ],
          [
            127.0218813,
            37.5719088
          ],
          [
            127.0223862,
            37.5718956
          ],
          [
            127.0228377,
            37.5718142
          ],
          [
            127.0243385,
            37.5714025
          ],
          [
            127.025239,
            37.5711508
          ],
          [
            127.0252678,
            37.5711428
          ],
          [
            127.0257493,
            37.5710083
          ],
          [
            127.0276164,
            37.5704501
          ],
          [
            127.0296375,
            37.5698946
          ],
          [
            127.0305836,
            37.569714
          ],
          [
            127.0308563,
            37.5697059
          ],
          [
            127.0311691,
            37.5697223
          ],
          [
            127.0316684,
            37.5698362
          ],
          [
            127.0319956,
            37.5699425
          ],
          [
            127.0322451,
            37.5700403
          ],
          [
            127.0326045,
            37.5701807
          ],
          [
            127.0336667,
            37.5708695
          ],
          [
            127.0346108,
            37.5715157
          ],
          [
            127.0355345,
            37.5719665
          ],
          [
            127.036999,
            37.5723576
          ],
          [
            127.0397107,
            37.5723302
          ],
          [
            127.0405797,
            37.5721941
          ],
          [
            127.0414891,
            37.5719572
          ],
          [
            127.0420925,
            37.571786
          ],
          [
            127.0437369,
            37.5711469
          ],
          [
            127.044603,
            37.570706
          ],
          [
            127.0456793,
            37.5700839
          ],
          [
            127.0459314,
            37.5698602
          ],
          [
            127.0461102,
            37.5696683
          ],
          [
            127.0463249,
            37.5693912
          ],
          [
            127.0464969,
            37.5690405
          ],
          [
            127.0470598,
            37.5680303
          ],
          [
            127.0519481,
            37.5582118
          ],
          [
            127.0521665,
            37.5565427
          ],
          [
            127.0521311,
            37.5560825
          ],
          [
            127.0520176,
            37.5555052
          ],
          [
            127.0517861,
            37.5543278
          ],
          [
            127.0510543,
            37.5531646
          ],
          [
            127.0506623,
            37.5527466
          ]
        ]
      },
      "id": "way/769631455"
    },
    {
      "type": "Feature",
      "properties": {
        "@id": "way/779883035",
        "name": "불광천",
        "name:en": "Bulgwangcheon Stream",
        "name:ja": "仏光川",
        "name:ko": "불광천",
        "name:ko-Hani": "佛光川",
        "name:zh": "佛光川",
        "name:zh-Hant": "佛光川",
        "waterway": "river",
        "wikidata": "Q12599188",
        "wikipedia": "ko:불광천"
      },
      "geometry": {
        "type": "LineString",
        "coordinates": [
          [
            126.9161737,
            37.5989786
          ],
          [
            126.9159355,
            37.5980483
          ],
          [
            126.9159119,
            37.5979542
          ],
          [
            126.9158725,
            37.5978348
          ],
          [
            126.9156717,
            37.5970103
          ],
          [
            126.9149754,
            37.594194
          ],
          [
            126.9149409,
            37.5940751
          ],
          [
            126.9146696,
            37.5931205
          ],
          [
            126.9143889,
            37.5921354
          ],
          [
            126.9140325,
            37.5906708
          ],
          [
            126.9134969,
            37.5884695
          ],
          [
            126.9134215,
            37.5880897
          ],
          [
            126.9132636,
            37.5874198
          ],
          [
            126.9132008,
            37.587111
          ],
          [
            126.9130663,
            37.5868117
          ],
          [
            126.912945,
            37.5865103
          ],
          [
            126.9127628,
            37.5862034
          ],
          [
            126.912516,
            37.5859256
          ],
          [
            126.9122384,
            37.5856567
          ],
          [
            126.9119006,
            37.5854035
          ],
          [
            126.9115312,
            37.5850574
          ],
          [
            126.9112133,
            37.5847517
          ],
          [
            126.909767,
            37.583361
          ],
          [
            126.9038118,
            37.5776866
          ],
          [
            126.9028455,
            37.5766843
          ],
          [
            126.9015163,
            37.5754262
          ],
          [
            126.901373,
            37.5752907
          ],
          [
            126.9011201,
            37.5749806
          ],
          [
            126.9009022,
            37.5746944
          ],
          [
            126.9007774,
            37.5745776
          ],
          [
            126.9003048,
            37.574137
          ],
          [
            126.9002161,
            37.573739
          ],
          [
            126.9001052,
            37.5734069
          ],
          [
            126.9000497,
            37.5729529
          ],
          [
            126.8995323,
            37.5627227
          ],
          [
            126.8994943,
            37.5620158
          ]
        ]
      },
      "id": "way/779883035"
    },
    {
      "type": "Feature",
      "properties": {
        "@id": "way/780136499",
        "name": "창릉천",
        "name:ko-Hani": "昌陵川",
        "name:zh": "昌陵川",
        "name:zh-Hant": "昌陵川",
        "waterway": "river"
      },
      "geometry": {
        "type": "LineString",
        "coordinates": [
          [
            126.8578153,
            37.6081018
          ],
          [
            126.8577598,
            37.6080428
          ],
          [
            126.8572768,
            37.6077776
          ],
          [
            126.8559553,
            37.6066626
          ],
          [
            126.8558723,
            37.6063997
          ],
          [
            126.8544472,
            37.6051486
          ],
          [
            126.8540264,
            37.6050219
          ],
          [
            126.8536501,
            37.6046064
          ],
          [
            126.8534398,
            37.6043341
          ],
          [
            126.8532383,
            37.603996
          ],
          [
            126.8528175,
            37.6037425
          ],
          [
            126.8524259,
            37.6035361
          ],
          [
            126.8515435,
            37.6029115
          ],
          [
            126.8512798,
            37.6026158
          ],
          [
            126.8508916,
            37.6024444
          ],
          [
            126.8503287,
            37.6023247
          ],
          [
            126.8498783,
            37.6021298
          ],
          [
            126.8495761,
            37.6017848
          ],
          [
            126.8490842,
            37.6012566
          ],
          [
            126.848702,
            37.6006908
          ],
          [
            126.8480171,
            37.5998831
          ],
          [
            126.8477422,
            37.5995506
          ],
          [
            126.8475316,
            37.5989067
          ],
          [
            126.8474321,
            37.5986762
          ],
          [
            126.8472205,
            37.598186
          ],
          [
            126.846862,
            37.5978221
          ],
          [
            126.8463939,
            37.5976156
          ],
          [
            126.845579,
            37.597632
          ],
          [
            126.8449598,
            37.5975123
          ],
          [
            126.844429,
            37.5971341
          ],
          [
            126.843693,
            37.5970385
          ],
          [
            126.8434634,
            37.5970205
          ],
          [
            126.8428363,
            37.5969715
          ],
          [
            126.8416539,
            37.5970002
          ],
          [
            126.8405197,
            37.597287
          ],
          [
            126.8394096,
            37.5972966
          ],
          [
            126.8379738,
            37.5973157
          ],
          [
            126.8361519,
            37.5972775
          ],
          [
            126.8352944,
            37.597289
          ],
          [
            126.8337975,
            37.5972968
          ],
          [
            126.8333223,
            37.5970673
          ],
          [
            126.8332614,
            37.5965278
          ],
          [
            126.8328284,
            37.5960362
          ],
          [
            126.8321574,
            37.5954188
          ],
          [
            126.8310964,
            37.5929561
          ],
          [
            126.8308926,
            37.5923801
          ],
          [
            126.8306619,
            37.592089
          ],
          [
            126.8297703,
            37.5915169
          ],
          [
            126.8248714,
            37.5890935
          ]
        ]
      },
      "id": "way/780136499"
    },
    {
      "type": "Feature",
      "properties": {
        "@id": "way/871750510",
        "intermittent": "no",
        "name": "중랑천",
        "name:en": "Jungnangcheon",
        "name:ja": "中浪川",
        "name:ko": "중랑천",
        "name:ko-Hani": "中浪川",
        "name:zh": "中浪川",
        "name:zh-Hant": "中浪川",
        "tidal": "no",
        "waterway": "river",
        "width": "20",
        "wikidata": "Q6312978",
        "wikipedia": "ko:중랑천"
      },
      "geometry": {
        "type": "LineString",
        "coordinates": [
          [
            127.0543592,
            37.7435352
          ],
          [
            127.0542277,
            37.7423435
          ],
          [
            127.0541414,
            37.7412788
          ],
          [
            127.0540712,
            37.7407402
          ],
          [
            127.0539563,
            37.7401345
          ],
          [
            127.0537015,
            37.7389605
          ],
          [
            127.053658,
            37.7387834
          ],
          [
            127.0534861,
            37.7383016
          ],
          [
            127.0533372,
            37.7378443
          ],
          [
            127.0532166,
            37.7374026
          ],
          [
            127.0532101,
            37.7372153
          ],
          [
            127.0532319,
            37.7370057
          ],
          [
            127.0532852,
            37.7368262
          ],
          [
            127.0534174,
            37.7364732
          ],
          [
            127.0535939,
            37.7361105
          ],
          [
            127.053857,
            37.7354182
          ],
          [
            127.0540462,
            37.7348186
          ],
          [
            127.0539353,
            37.7334779
          ],
          [
            127.0540699,
            37.7310417
          ],
          [
            127.0540892,
            37.7303602
          ],
          [
            127.0540373,
            37.7301539
          ],
          [
            127.0539455,
            37.7299974
          ],
          [
            127.0538873,
            37.7299265
          ],
          [
            127.0536633,
            37.7297277
          ],
          [
            127.0526405,
            37.7288086
          ],
          [
            127.0525892,
            37.7287408
          ],
          [
            127.0524926,
            37.7286014
          ],
          [
            127.0523974,
            37.7284193
          ],
          [
            127.0523373,
            37.7281698
          ],
          [
            127.0522826,
            37.7274413
          ],
          [
            127.052233,
            37.7270984
          ],
          [
            127.0521914,
            37.7267323
          ],
          [
            127.0520763,
            37.7263407
          ],
          [
            127.0519872,
            37.7260084
          ],
          [
            127.0514806,
            37.7246035
          ],
          [
            127.0510514,
            37.7239882
          ],
          [
            127.0506295,
            37.7236101
          ],
          [
            127.0502039,
            37.7232287
          ],
          [
            127.0499512,
            37.7228327
          ],
          [
            127.0497823,
            37.7224651
          ],
          [
            127.0494932,
            37.7215356
          ],
          [
            127.0493509,
            37.7209671
          ],
          [
            127.0491769,
            37.7204522
          ],
          [
            127.049115,
            37.7200656
          ],
          [
            127.0490567,
            37.7191993
          ],
          [
            127.0490262,
            37.7188354
          ],
          [
            127.0490419,
            37.7183718
          ],
          [
            127.0491149,
            37.7180434
          ],
          [
            127.049263,
            37.7177934
          ],
          [
            127.0496195,
            37.7174631
          ],
          [
            127.0499517,
            37.7169656
          ],
          [
            127.0506589,
            37.7152397
          ],
          [
            127.0507028,
            37.7151197
          ],
          [
            127.0507884,
            37.7144891
          ],
          [
            127.0507724,
            37.714136
          ],
          [
            127.0507242,
            37.7138465
          ],
          [
            127.0502733,
            37.7120999
          ],
          [
            127.0502049,
            37.7117393
          ],
          [
            127.0501741,
            37.7114551
          ],
          [
            127.05019,
            37.7110959
          ],
          [
            127.0502641,
            37.7106375
          ],
          [
            127.0503403,
            37.7103339
          ],
          [
            127.0511158,
            37.7082171
          ],
          [
            127.0516922,
            37.7070016
          ],
          [
            127.0518454,
            37.706509
          ],
          [
            127.0519251,
            37.7061054
          ],
          [
            127.0519506,
            37.7056802
          ],
          [
            127.0519142,
            37.7052631
          ],
          [
            127.0518735,
            37.7049482
          ],
          [
            127.0517832,
            37.704622
          ],
          [
            127.0516352,
            37.7043078
          ],
          [
            127.0514305,
            37.7039936
          ],
          [
            127.0502862,
            37.7026025
          ],
          [
            127.0500608,
            37.7023887
          ],
          [
            127.0494531,
            37.7018141
          ],
          [
            127.048657,
            37.7009291
          ],
          [
            127.0485077,
            37.7003162
          ],
          [
            127.0484336,
            37.6994867
          ],
          [
            127.0484661,
            37.697915
          ],
          [
            127.0486661,
            37.6963386
          ],
          [
            127.048723,
            37.6952206
          ],
          [
            127.0489059,
            37.6940374
          ],
          [
            127.0491435,
            37.6928771
          ],
          [
            127.0491983,
            37.6927176
          ],
          [
            127.0496053,
            37.6919421
          ],
          [
            127.0499234,
            37.6912611
          ],
          [
            127.0499627,
            37.6911187
          ],
          [
            127.0500193,
            37.690693
          ],
          [
            127.0499449,
            37.6886645
          ],
          [
            127.0501165,
            37.6879344
          ],
          [
            127.0508836,
            37.6867139
          ],
          [
            127.0511465,
            37.6862957
          ],
          [
            127.0521389,
            37.6847037
          ],
          [
            127.0521765,
            37.6846018
          ],
          [
            127.0521818,
            37.684449
          ],
          [
            127.051978,
            37.6836042
          ],
          [
            127.0511325,
            37.6802225
          ],
          [
            127.0509722,
            37.6793117
          ],
          [
            127.0508754,
            37.6788579
          ],
          [
            127.0506691,
            37.6781869
          ],
          [
            127.0500521,
            37.6762763
          ],
          [
            127.0494245,
            37.6745567
          ],
          [
            127.0493184,
            37.6742006
          ],
          [
            127.0491777,
            37.6736353
          ],
          [
            127.0491442,
            37.673387
          ],
          [
            127.0489841,
            37.6721992
          ],
          [
            127.0489739,
            37.6721238
          ],
          [
            127.0488559,
            37.6700219
          ],
          [
            127.0488636,
            37.6695259
          ],
          [
            127.0488713,
            37.6690299
          ],
          [
            127.0488796,
            37.6684565
          ],
          [
            127.0489809,
            37.6679824
          ],
          [
            127.0490092,
            37.6678425
          ],
          [
            127.0495556,
            37.6667778
          ],
          [
            127.0508866,
            37.6648408
          ],
          [
            127.0512135,
            37.663924
          ],
          [
            127.0513582,
            37.662338
          ],
          [
            127.0514841,
            37.660721
          ],
          [
            127.0515287,
            37.6604711
          ],
          [
            127.0515975,
            37.6602676
          ],
          [
            127.0521186,
            37.659316
          ],
          [
            127.0526845,
            37.6582672
          ],
          [
            127.0531509,
            37.6574937
          ],
          [
            127.0537457,
            37.6563366
          ],
          [
            127.0539863,
            37.6556641
          ],
          [
            127.0540783,
            37.6547255
          ],
          [
            127.0540677,
            37.65268
          ],
          [
            127.0542872,
            37.6501581
          ],
          [
            127.0546278,
            37.6493522
          ],
          [
            127.0554622,
            37.647353
          ],
          [
            127.0557311,
            37.6465236
          ],
          [
            127.0558054,
            37.6461005
          ],
          [
            127.0558504,
            37.645879
          ],
          [
            127.0558606,
            37.645741
          ],
          [
            127.0558585,
            37.6456128
          ],
          [
            127.0558169,
            37.6453756
          ],
          [
            127.0552046,
            37.6436062
          ],
          [
            127.0549596,
            37.642547
          ],
          [
            127.0549065,
            37.6420173
          ],
          [
            127.0549454,
            37.6416558
          ],
          [
            127.0550791,
            37.6411794
          ],
          [
            127.0552418,
            37.6407917
          ],
          [
            127.0552968,
            37.6406832
          ],
          [
            127.055449,
            37.6404205
          ],
          [
            127.0556097,
            37.6402057
          ],
          [
            127.0562087,
            37.6396247
          ],
          [
            127.0567285,
            37.6392524
          ],
          [
            127.0580697,
            37.6383266
          ],
          [
            127.0589331,
            37.637514
          ],
          [
            127.059025,
            37.637343
          ],
          [
            127.059216,
            37.6369875
          ],
          [
            127.0594215,
            37.6366864
          ],
          [
            127.0597692,
            37.6361472
          ],
          [
            127.0605111,
            37.6351455
          ],
          [
            127.061205,
            37.6343772
          ],
          [
            127.0636892,
            37.6321347
          ],
          [
            127.064102,
            37.6314174
          ],
          [
            127.064404,
            37.6303486
          ],
          [
            127.0646874,
            37.6292067
          ],
          [
            127.0650818,
            37.6283624
          ],
          [
            127.0652235,
            37.6281476
          ],
          [
            127.0666038,
            37.6268787
          ],
          [
            127.0682183,
            37.6257514
          ],
          [
            127.0692042,
            37.6248485
          ],
          [
            127.0695678,
            37.6243946
          ],
          [
            127.0696956,
            37.6241671
          ],
          [
            127.0698396,
            37.6238354
          ],
          [
            127.0702031,
            37.6229039
          ],
          [
            127.0707114,
            37.6215052
          ],
          [
            127.0709536,
            37.6206391
          ],
          [
            127.071073,
            37.6199527
          ],
          [
            127.0711946,
            37.6170246
          ],
          [
            127.0713249,
            37.615442
          ],
          [
            127.0714413,
            37.6136714
          ],
          [
            127.0714617,
            37.6117051
          ],
          [
            127.0715042,
            37.6099332
          ],
          [
            127.0715955,
            37.6086745
          ],
          [
            127.0716348,
            37.6080329
          ],
          [
            127.0716812,
            37.6076145
          ],
          [
            127.0718608,
            37.6065974
          ],
          [
            127.0724527,
            37.6037255
          ],
          [
            127.0725875,
            37.6029788
          ],
          [
            127.0726286,
            37.602277
          ],
          [
            127.0725508,
            37.6016177
          ],
          [
            127.072369,
            37.6011184
          ],
          [
            127.0722036,
            37.6006937
          ],
          [
            127.0716484,
            37.5998693
          ],
          [
            127.0711634,
            37.5992846
          ],
          [
            127.0702292,
            37.598156
          ],
          [
            127.0696248,
            37.5973457
          ],
          [
            127.0694703,
            37.5970196
          ],
          [
            127.0694088,
            37.5967992
          ],
          [
            127.0693498,
            37.5965557
          ],
          [
            127.0693166,
            37.596258
          ],
          [
            127.0693134,
            37.5960127
          ],
          [
            127.0693345,
            37.5957932
          ],
          [
            127.0694189,
            37.595374
          ],
          [
            127.0695561,
            37.5948517
          ],
          [
            127.0703531,
            37.592354
          ],
          [
            127.0704522,
            37.5919474
          ],
          [
            127.0705937,
            37.5911678
          ],
          [
            127.0707565,
            37.59006
          ],
          [
            127.0710538,
            37.5886718
          ],
          [
            127.0712485,
            37.5882259
          ],
          [
            127.0718554,
            37.5874852
          ],
          [
            127.0730723,
            37.5859735
          ],
          [
            127.0745718,
            37.5841088
          ],
          [
            127.0766599,
            37.5815397
          ],
          [
            127.0773819,
            37.5804402
          ],
          [
            127.077554,
            37.5800771
          ],
          [
            127.0776514,
            37.579714
          ],
          [
            127.0777529,
            37.5790302
          ],
          [
            127.0779729,
            37.5771565
          ],
          [
            127.0780231,
            37.5767362
          ],
          [
            127.0781953,
            37.5752945
          ],
          [
            127.0783671,
            37.573837
          ],
          [
            127.0784224,
            37.572864
          ],
          [
            127.0783941,
            37.5722329
          ],
          [
            127.0783198,
            37.5715681
          ],
          [
            127.0780968,
            37.5706536
          ],
          [
            127.0775518,
            37.5695539
          ],
          [
            127.0761043,
            37.5670236
          ],
          [
            127.0756712,
            37.5661541
          ],
          [
            127.0744352,
            37.5639334
          ],
          [
            127.0722997,
            37.5603073
          ],
          [
            127.0717636,
            37.559643
          ],
          [
            127.0716113,
            37.5594776
          ]
        ]
      },
      "id": "way/871750510"
    },
    {
      "type": "Feature",
      "properties": {
        "@id": "way/929676175",
        "name": "양재천",
        "name:en": "Yangjaecheon stream",
        "name:ja": "良才川",
        "name:ko-Hani": "良才川",
        "name:zh": "良才川",
        "name:zh-Hant": "良才川",
        "waterway": "river",
        "@relations": [
          {
            "role": "main_stream",
            "rel": 12570381,
            "reltags": {
              "name": "양재천",
              "name:ar": "نهر يانغ جي تشون",
              "name:en": "Yangjaecheon Stream",
              "name:ja": "良才川",
              "name:ko": "양재천",
              "type": "waterway",
              "waterway": "river",
              "wikidata": "Q623786"
            }
          }
        ]
      },
      "geometry": {
        "type": "LineString",
        "coordinates": [
          [
            127.0655686,
            37.4900409
          ],
          [
            127.0667526,
            37.4902841
          ],
          [
            127.0673977,
            37.4904948
          ],
          [
            127.0682693,
            37.4908201
          ],
          [
            127.0684554,
            37.4909128
          ],
          [
            127.0694778,
            37.4915533
          ],
          [
            127.070117,
            37.4920662
          ],
          [
            127.0709154,
            37.4927671
          ],
          [
            127.0718963,
            37.493728
          ],
          [
            127.0727877,
            37.4946282
          ],
          [
            127.0732118,
            37.4951597
          ],
          [
            127.073458,
            37.4955138
          ],
          [
            127.0736066,
            37.4961331
          ],
          [
            127.0736363,
            37.496408
          ],
          [
            127.0738234,
            37.497034
          ],
          [
            127.0738285,
            37.4974224
          ],
          [
            127.0735415,
            37.4983362
          ],
          [
            127.073536,
            37.4983528
          ],
          [
            127.0731558,
            37.4992222
          ],
          [
            127.0730287,
            37.4999772
          ],
          [
            127.0731112,
            37.500212
          ],
          [
            127.07324,
            37.5004357
          ],
          [
            127.0732669,
            37.5006552
          ],
          [
            127.0732396,
            37.5012519
          ],
          [
            127.0732917,
            37.5017443
          ]
        ]
      },
      "id": "way/929676175"
    },
    {
      "type": "Feature",
      "properties": {
        "@id": "way/967550721",
        "alt_name:ko": "중랑천",
        "intermittent": "no",
        "name": "중랑천",
        "name:en": "Jungrangcheon Stream",
        "name:ja": "中浪川",
        "name:ko": "중랑천",
        "name:ko-Hani": "中浪川",
        "name:zh": "中浪川",
        "name:zh-Hant": "中浪川",
        "waterway": "river",
        "width": "20",
        "wikidata": "Q6312978",
        "wikipedia": "ko:중랑천"
      },
      "geometry": {
        "type": "LineString",
        "coordinates": [
          [
            127.0251649,
            37.5414681
          ],
          [
            127.024548,
            37.540409
          ],
          [
            127.0229778,
            37.5374938
          ]
        ]
      },
      "id": "way/967550721"
    },
    {
      "type": "Feature",
      "properties": {
        "@id": "way/971270511",
        "waterway": "river"
      },
      "geometry": {
        "type": "LineString",
        "coordinates": [
          [
            127.054351,
            37.5533861
          ],
          [
            127.0543289,
            37.5533164
          ]
        ]
      },
      "id": "way/971270511"
    },
    {
      "type": "Feature",
      "properties": {
        "@id": "way/1012565489",
        "layer": "-1",
        "tunnel": "culvert",
        "waterway": "river"
      },
      "geometry": {
        "type": "LineString",
        "coordinates": [
          [
            126.99941,
            37.5980845
          ],
          [
            126.9993577,
            37.597818
          ],
          [
            126.9993227,
            37.5976367
          ]
        ]
      },
      "id": "way/1012565489"
    },
    {
      "type": "Feature",
      "properties": {
        "@id": "way/1012565490",
        "waterway": "river"
      },
      "geometry": {
        "type": "LineString",
        "coordinates": [
          [
            126.9991522,
            37.5969929
          ],
          [
            126.9991265,
            37.5968097
          ],
          [
            126.99921,
            37.5965809
          ],
          [
            126.9992136,
            37.5965388
          ],
          [
            126.9992207,
            37.5963243
          ],
          [
            126.99918,
            37.5962444
          ],
          [
            126.9991817,
            37.5961687
          ],
          [
            126.99921,
            37.5961266
          ],
          [
            126.9992346,
            37.5961042
          ]
        ]
      },
      "id": "way/1012565490"
    },
    {
      "type": "Feature",
      "properties": {
        "@id": "way/1012565491",
        "layer": "-1",
        "tunnel": "culvert",
        "waterway": "river"
      },
      "geometry": {
        "type": "LineString",
        "coordinates": [
          [
            126.9991781,
            37.597072
          ],
          [
            126.9991522,
            37.5969929
          ]
        ]
      },
      "id": "way/1012565491"
    },
    {
      "type": "Feature",
      "properties": {
        "@id": "way/1012565492",
        "waterway": "river"
      },
      "geometry": {
        "type": "LineString",
        "coordinates": [
          [
            126.9993227,
            37.5976367
          ],
          [
            126.999332,
            37.5974258
          ],
          [
            126.999231,
            37.597273
          ],
          [
            126.9991781,
            37.597072
          ]
        ]
      },
      "id": "way/1012565492"
    },
    {
      "type": "Feature",
      "properties": {
        "@id": "way/1012565493",
        "waterway": "river"
      },
      "geometry": {
        "type": "LineString",
        "coordinates": [
          [
            126.9995048,
            37.5982194
          ],
          [
            126.99941,
            37.5980845
          ]
        ]
      },
      "id": "way/1012565493"
    },
    {
      "type": "Feature",
      "properties": {
        "@id": "way/1214479818",
        "intermittent": "no",
        "name": "홍제천",
        "name:en": "Hongjecheon Stream",
        "name:ja": "弘済川",
        "name:ko": "홍제천",
        "name:ko-Hani": "弘濟川",
        "name:zh": "弘濟川",
        "name:zh-Hant": "弘濟川",
        "waterway": "river",
        "wikidata": "Q16262333",
        "wikipedia": "ko:홍제천"
      },
      "geometry": {
        "type": "LineString",
        "coordinates": [
          [
            126.9630355,
            37.6039393
          ],
          [
            126.9627728,
            37.6037932
          ],
          [
            126.962294,
            37.603569
          ],
          [
            126.9619156,
            37.6032387
          ],
          [
            126.961738,
            37.6028946
          ],
          [
            126.9615872,
            37.6024821
          ],
          [
            126.9614974,
            37.6021453
          ],
          [
            126.9615,
            37.6017043
          ],
          [
            126.9616543,
            37.6014132
          ],
          [
            126.961889,
            37.6011932
          ],
          [
            126.9622001,
            37.6009563
          ],
          [
            126.9623959,
            37.600815
          ],
          [
            126.962585,
            37.6006418
          ],
          [
            126.9626655,
            37.6004877
          ],
          [
            126.9626091,
            37.6002465
          ],
          [
            126.9624607,
            37.6001654
          ],
          [
            126.9620334,
            37.6001518
          ],
          [
            126.9619972,
            37.6001507
          ],
          [
            126.9613517,
            37.6003988
          ],
          [
            126.9609959,
            37.6005356
          ],
          [
            126.9603302,
            37.6007655
          ],
          [
            126.9599836,
            37.6007888
          ],
          [
            126.9595099,
            37.6008559
          ],
          [
            126.9587782,
            37.6008265
          ],
          [
            126.9582546,
            37.6005536
          ],
          [
            126.9580065,
            37.600339
          ],
          [
            126.9576322,
            37.6000702
          ],
          [
            126.9573176,
            37.5996607
          ],
          [
            126.9566281,
            37.5990438
          ],
          [
            126.9564583,
            37.598939
          ],
          [
            126.9562476,
            37.5984554
          ],
          [
            126.9563484,
            37.5977793
          ],
          [
            126.9561918,
            37.5965169
          ],
          [
            126.9559541,
            37.5962059
          ],
          [
            126.9555707,
            37.5959435
          ],
          [
            126.9551728,
            37.5959164
          ],
          [
            126.9548181,
            37.5960205
          ],
          [
            126.9544487,
            37.5962795
          ],
          [
            126.9540998,
            37.596524
          ],
          [
            126.9538496,
            37.5966852
          ],
          [
            126.9534985,
            37.5967679
          ],
          [
            126.9532537,
            37.5967109
          ],
          [
            126.9529746,
            37.5965411
          ],
          [
            126.9526308,
            37.5961774
          ],
          [
            126.9524585,
            37.5960952
          ],
          [
            126.9521375,
            37.595942
          ],
          [
            126.9515029,
            37.5957453
          ],
          [
            126.9512221,
            37.5957553
          ],
          [
            126.9510438,
            37.5958437
          ],
          [
            126.950835,
            37.5961062
          ],
          [
            126.9506334,
            37.5969378
          ],
          [
            126.9504209,
            37.5973956
          ],
          [
            126.9499997,
            37.5978293
          ],
          [
            126.9493696,
            37.5982016
          ],
          [
            126.9485864,
            37.5984483
          ],
          [
            126.9479311,
            37.5985353
          ],
          [
            126.9474594,
            37.5984925
          ],
          [
            126.94722,
            37.5983585
          ],
          [
            126.9470468,
            37.5982246
          ],
          [
            126.9469227,
            37.598062
          ],
          [
            126.9467429,
            37.5976938
          ],
          [
            126.9464869,
            37.597221
          ],
          [
            126.946388,
            37.596995
          ],
          [
            126.9464256,
            37.5967038
          ],
          [
            126.9467447,
            37.5960236
          ],
          [
            126.9470994,
            37.5954317
          ],
          [
            126.9471747,
            37.5951762
          ],
          [
            126.9471742,
            37.5948667
          ],
          [
            126.9471714,
            37.5948631
          ],
          [
            126.9468749,
            37.5944776
          ],
          [
            126.9467033,
            37.5942546
          ],
          [
            126.9464394,
            37.5939709
          ],
          [
            126.946056,
            37.5935587
          ],
          [
            126.9458356,
            37.5933217
          ]
        ]
      },
      "id": "way/1214479818"
    },
    {
      "type": "Feature",
      "properties": {
        "@id": "way/1214479819",
        "intermittent": "no",
        "layer": "-1",
        "name": "홍제천",
        "name:en": "Hongjecheon Stream",
        "name:ja": "弘済川",
        "name:ko": "홍제천",
        "name:ko-Hani": "弘濟川",
        "name:zh": "弘濟川",
        "name:zh-Hant": "弘濟川",
        "tunnel": "culvert",
        "waterway": "river",
        "wikidata": "Q16262333",
        "wikipedia": "ko:홍제천"
      },
      "geometry": {
        "type": "LineString",
        "coordinates": [
          [
            126.9458356,
            37.5933217
          ],
          [
            126.9458199,
            37.5933089
          ],
          [
            126.94563,
            37.5931541
          ],
          [
            126.9452073,
            37.5928096
          ],
          [
            126.944701,
            37.5925349
          ],
          [
            126.9433008,
            37.5920479
          ],
          [
            126.9422944,
            37.591734
          ],
          [
            126.9418838,
            37.5915787
          ],
          [
            126.9414194,
            37.5914031
          ],
          [
            126.9401485,
            37.5907496
          ],
          [
            126.9388019,
            37.5898951
          ],
          [
            126.9367425,
            37.5886328
          ],
          [
            126.9360774,
            37.5880697
          ],
          [
            126.9357725,
            37.587618
          ],
          [
            126.9355109,
            37.5869485
          ],
          [
            126.9353993,
            37.58641
          ],
          [
            126.9353777,
            37.5858715
          ],
          [
            126.935573,
            37.5852716
          ],
          [
            126.9360447,
            37.584325
          ],
          [
            126.9371285,
            37.5825824
          ],
          [
            126.9373824,
            37.5821443
          ]
        ]
      },
      "id": "way/1214479819"
    },
    {
      "type": "Feature",
      "properties": {
        "@id": "way/1240167327",
        "name": "사당천",
        "waterway": "river"
      },
      "geometry": {
        "type": "LineString",
        "coordinates": [
          [
            126.9884833,
            37.4661186
          ],
          [
            126.9884747,
            37.4661528
          ],
          [
            126.9881597,
            37.4664994
          ],
          [
            126.9881673,
            37.466559
          ],
          [
            126.9882723,
            37.4669089
          ],
          [
            126.9882688,
            37.4670037
          ],
          [
            126.9882204,
            37.4671655
          ],
          [
            126.988064,
            37.4675046
          ],
          [
            126.9880551,
            37.4675255
          ]
        ]
      },
      "id": "way/1240167327"
    },
    {
      "type": "Feature",
      "properties": {
        "@id": "way/1240167328",
        "layer": "-1",
        "name": "사당천",
        "tunnel": "culvert",
        "waterway": "river"
      },
      "geometry": {
        "type": "LineString",
        "coordinates": [
          [
            126.9880551,
            37.4675255
          ],
          [
            126.9879284,
            37.4676358
          ],
          [
            126.98736,
            37.4677351
          ],
          [
            126.9873193,
            37.4678315
          ]
        ]
      },
      "id": "way/1240167328"
    },
    {
      "type": "Feature",
      "properties": {
        "@id": "way/1240167337",
        "layer": "-1",
        "name": "사당천",
        "tunnel": "culvert",
        "waterway": "river"
      },
      "geometry": {
        "type": "LineString",
        "coordinates": [
          [
            126.9884973,
            37.4660507
          ],
          [
            126.9884833,
            37.4661186
          ]
        ]
      },
      "id": "way/1240167337"
    }
  ]
}